Steps,Policy/Entropy,Environment/Lesson,Environment/Cumulative Reward,Environment/Episode Length,Policy/Extrinsic Value Estimate,Policy/Curiosity Value Estimate,Policy/Extrinsic Reward,Policy/Curiosity Reward,Losses/Value Loss,Losses/Policy Loss,Policy/Learning Rate,Losses/Curiosity Forward Loss,Losses/Curiosity Inverse Loss
10000,2.1554542,0.0,0.11507696071639657,123.8,0.34942353,-0.18324332,0.11507688623208266,0.5348908846194927,0.057164956,0.103029385,0.00029977056,1.3549732,1.059521
20000,1.9891543,0.0,0.4664539277639425,70.18439716312056,0.37811103,0.15859213,0.4629166541354997,0.42687740401764,0.008877446,0.09600647,0.00029935368,0.4892446,0.7305653
20000,1.9891543,0.0,0.4664539277639425,70.18439716312056,0.37811103,0.15859213,0.4629166541354997,0.42687740401764,0.008877446,0.09600647,0.00029935368,0.4892446,0.7305653
20000,1.9891543,0.0,0.4664539277639425,70.18439716312056,0.37811103,0.15859213,0.4629166541354997,0.42687740401764,0.008877446,0.09600647,0.00029935368,0.4892446,0.7305653
20000,1.9891543,0.0,0.4664539277639425,70.18439716312056,0.37811103,0.15859213,0.4629166541354997,0.42687740401764,0.008877446,0.09600647,0.00029935368,0.4892446,0.7305653
30000,1.692252,1.0,-0.32681040667618316,168.2941176470588,0.06852395,0.39558998,-0.3020321044784326,0.974390930066315,0.004392552,0.098399125,0.00029889966,0.45357123,0.5235875
30000,1.692252,1.0,-0.32681040667618316,168.2941176470588,0.06852395,0.39558998,-0.3020321044784326,0.974390930066315,0.004392552,0.098399125,0.00029889966,0.45357123,0.5235875
30000,1.692252,1.0,-0.32681040667618316,168.2941176470588,0.06852395,0.39558998,-0.3020321044784326,0.974390930066315,0.004392552,0.098399125,0.00029889966,0.45357123,0.5235875
30000,1.692252,1.0,-0.32681040667618316,168.2941176470588,0.06852395,0.39558998,-0.3020321044784326,0.974390930066315,0.004392552,0.098399125,0.00029889966,0.45357123,0.5235875
40000,1.6223274,1.0,-0.6692694410919509,213.38297872340425,-0.20850194,0.5041145,-0.6692695731812335,1.0170705972358267,0.00604834,0.10066009,0.00029849002,0.4448923,0.46368784
40000,1.6223274,1.0,-0.6692694410919509,213.38297872340425,-0.20850194,0.5041145,-0.6692695731812335,1.0170705972358267,0.00604834,0.10066009,0.00029849002,0.4448923,0.46368784
40000,1.6223274,1.0,-0.6692694410919509,213.38297872340425,-0.20850194,0.5041145,-0.6692695731812335,1.0170705972358267,0.00604834,0.10066009,0.00029849002,0.4448923,0.46368784
40000,1.6223274,1.0,-0.6692694410919509,213.38297872340425,-0.20850194,0.5041145,-0.6692695731812335,1.0170705972358267,0.00604834,0.10066009,0.00029849002,0.4448923,0.46368784
50000,1.1058882,1.0,-0.8595872343118701,236.83333333333334,-0.24908322,0.609539,-0.8595873827026004,1.1837140284478664,0.005322994,0.10298817,0.00029808117,0.37347844,0.42556837
50000,1.1058882,1.0,-0.8595872343118701,236.83333333333334,-0.24908322,0.609539,-0.8595873827026004,1.1837140284478664,0.005322994,0.10298817,0.00029808117,0.37347844,0.42556837
50000,1.1058882,1.0,-0.8595872343118701,236.83333333333334,-0.24908322,0.609539,-0.8595873827026004,1.1837140284478664,0.005322994,0.10298817,0.00029808117,0.37347844,0.42556837
50000,1.1058882,1.0,-0.8595872343118701,236.83333333333334,-0.24908322,0.609539,-0.8595873827026004,1.1837140284478664,0.005322994,0.10298817,0.00029808117,0.37347844,0.42556837
60000,0.9972905,1.0,-0.7858635726892813,228.75,-0.25016892,0.5067015,-0.7584103277096381,0.718103084140099,0.003788016,0.10613237,0.0002976382,0.26372486,0.22522418
60000,0.9972905,1.0,-0.7858635726892813,228.75,-0.25016892,0.5067015,-0.7584103277096381,0.718103084140099,0.003788016,0.10613237,0.0002976382,0.26372486,0.22522418
60000,0.9972905,1.0,-0.7858635726892813,228.75,-0.25016892,0.5067015,-0.7584103277096381,0.718103084140099,0.003788016,0.10613237,0.0002976382,0.26372486,0.22522418
60000,0.9972905,1.0,-0.7858635726892813,228.75,-0.25016892,0.5067015,-0.7584103277096381,0.718103084140099,0.003788016,0.10613237,0.0002976382,0.26372486,0.22522418
70000,0.74324095,1.0,-0.35741661326028407,179.19230769230768,-0.23666483,0.5088897,-0.41378367888300044,0.480418295068503,0.010455237,0.10129411,0.00029721542,0.24161103,0.22865623
70000,0.74324095,1.0,-0.35741661326028407,179.19230769230768,-0.23666483,0.5088897,-0.41378367888300044,0.480418295068503,0.010455237,0.10129411,0.00029721542,0.24161103,0.22865623
70000,0.74324095,1.0,-0.35741661326028407,179.19230769230768,-0.23666483,0.5088897,-0.41378367888300044,0.480418295068503,0.010455237,0.10129411,0.00029721542,0.24161103,0.22865623
70000,0.74324095,1.0,-0.35741661326028407,179.19230769230768,-0.23666483,0.5088897,-0.41378367888300044,0.480418295068503,0.010455237,0.10129411,0.00029721542,0.24161103,0.22865623
80000,0.72280556,1.0,-0.06099532656500944,142.44444444444446,-0.13727313,0.35382733,-0.06099540036585596,0.2857513270185639,0.013942992,0.10232578,0.00029680203,0.19119444,0.12875167
80000,0.72280556,1.0,-0.06099532656500944,142.44444444444446,-0.13727313,0.35382733,-0.06099540036585596,0.2857513270185639,0.013942992,0.10232578,0.00029680203,0.19119444,0.12875167
80000,0.72280556,1.0,-0.06099532656500944,142.44444444444446,-0.13727313,0.35382733,-0.06099540036585596,0.2857513270185639,0.013942992,0.10232578,0.00029680203,0.19119444,0.12875167
80000,0.72280556,1.0,-0.06099532656500944,142.44444444444446,-0.13727313,0.35382733,-0.06099540036585596,0.2857513270185639,0.013942992,0.10232578,0.00029680203,0.19119444,0.12875167
90000,0.7577959,1.0,0.11610260495665269,123.6025641025641,0.025646316,0.29917747,0.10752811408662177,0.28286852687597275,0.016715556,0.09958206,0.00029635747,0.20961174,0.15205976
90000,0.7577959,1.0,0.11610260495665269,123.6025641025641,0.025646316,0.29917747,0.10752811408662177,0.28286852687597275,0.016715556,0.09958206,0.00029635747,0.20961174,0.15205976
90000,0.7577959,1.0,0.11610260495665269,123.6025641025641,0.025646316,0.29917747,0.10752811408662177,0.28286852687597275,0.016715556,0.09958206,0.00029635747,0.20961174,0.15205976
90000,0.7577959,1.0,0.11610260495665269,123.6025641025641,0.025646316,0.29917747,0.10752811408662177,0.28286852687597275,0.016715556,0.09958206,0.00029635747,0.20961174,0.15205976
100000,0.59780777,1.0,0.4857402225812514,79.80882352941177,0.37951866,0.29912636,0.48497548567898136,0.14470196698847063,0.012509908,0.10293424,0.00029591162,0.17268597,0.13665184
100000,0.59780777,1.0,0.4857402225812514,79.80882352941177,0.37951866,0.29912636,0.48497548567898136,0.14470196698847063,0.012509908,0.10293424,0.00029591162,0.17268597,0.13665184
100000,0.59780777,1.0,0.4857402225812514,79.80882352941177,0.37951866,0.29912636,0.48497548567898136,0.14470196698847063,0.012509908,0.10293424,0.00029591162,0.17268597,0.13665184
100000,0.59780777,1.0,0.4857402225812514,79.80882352941177,0.37951866,0.29912636,0.48497548567898136,0.14470196698847063,0.012509908,0.10293424,0.00029591162,0.17268597,0.13665184
110000,0.47761294,2.0,0.7723960997865481,44.294117647058826,0.5785948,0.30157006,0.7730273018803513,0.04858841133788664,0.010312592,0.092803866,0.00029550376,0.10729791,0.06853715
110000,0.47761294,2.0,0.7723960997865481,44.294117647058826,0.5785948,0.30157006,0.7730273018803513,0.04858841133788664,0.010312592,0.092803866,0.00029550376,0.10729791,0.06853715
110000,0.47761294,2.0,0.7723960997865481,44.294117647058826,0.5785948,0.30157006,0.7730273018803513,0.04858841133788664,0.010312592,0.092803866,0.00029550376,0.10729791,0.06853715
110000,0.47761294,2.0,0.7723960997865481,44.294117647058826,0.5785948,0.30157006,0.7730273018803513,0.04858841133788664,0.010312592,0.092803866,0.00029550376,0.10729791,0.06853715
120000,0.7152205,2.0,-0.6277463128840874,214.93478260869566,-0.13077973,0.2639708,-0.627746440794157,0.49758545779015706,0.00622816,0.09791214,0.00029507573,0.2002382,0.15276258
120000,0.7152205,2.0,-0.6277463128840874,214.93478260869566,-0.13077973,0.2639708,-0.627746440794157,0.49758545779015706,0.00622816,0.09791214,0.00029507573,0.2002382,0.15276258
120000,0.7152205,2.0,-0.6277463128840874,214.93478260869566,-0.13077973,0.2639708,-0.627746440794157,0.49758545779015706,0.00622816,0.09791214,0.00029507573,0.2002382,0.15276258
120000,0.7152205,2.0,-0.6277463128840874,214.93478260869566,-0.13077973,0.2639708,-0.627746440794157,0.49758545779015706,0.00622816,0.09791214,0.00029507573,0.2002382,0.15276258
130000,0.6593089,2.0,-0.37325449176979336,187.2,-0.11719693,0.24875084,-0.37325460152192547,0.3187854925678535,0.0076638274,0.0992818,0.0002946514,0.16610849,0.14453971
130000,0.6593089,2.0,-0.37325449176979336,187.2,-0.11719693,0.24875084,-0.37325460152192547,0.3187854925678535,0.0076638274,0.0992818,0.0002946514,0.16610849,0.14453971
130000,0.6593089,2.0,-0.37325449176979336,187.2,-0.11719693,0.24875084,-0.37325460152192547,0.3187854925678535,0.0076638274,0.0992818,0.0002946514,0.16610849,0.14453971
130000,0.6593089,2.0,-0.37325449176979336,187.2,-0.11719693,0.24875084,-0.37325460152192547,0.3187854925678535,0.0076638274,0.0992818,0.0002946514,0.16610849,0.14453971
140000,0.49552485,2.0,-0.4940255822148174,198.80769230769232,-0.1094665,0.22316566,-0.49402569692868453,0.32164117410922277,0.00952653,0.10424451,0.0002942034,0.13688329,0.110147335
140000,0.49552485,2.0,-0.4940255822148174,198.80769230769232,-0.1094665,0.22316566,-0.49402569692868453,0.32164117410922277,0.00952653,0.10424451,0.0002942034,0.13688329,0.110147335
140000,0.49552485,2.0,-0.4940255822148174,198.80769230769232,-0.1094665,0.22316566,-0.49402569692868453,0.32164117410922277,0.00952653,0.10424451,0.0002942034,0.13688329,0.110147335
140000,0.49552485,2.0,-0.4940255822148174,198.80769230769232,-0.1094665,0.22316566,-0.49402569692868453,0.32164117410922277,0.00952653,0.10424451,0.0002942034,0.13688329,0.110147335
150000,0.633847,2.0,-0.45652771919655305,195.79166666666666,-0.14057603,0.20495436,-0.4449645959316416,0.26662385389406945,0.0077578933,0.09664368,0.00029379578,0.14016071,0.099036366
150000,0.633847,2.0,-0.45652771919655305,195.79166666666666,-0.14057603,0.20495436,-0.4449645959316416,0.26662385389406945,0.0077578933,0.09664368,0.00029379578,0.14016071,0.099036366
150000,0.633847,2.0,-0.45652771919655305,195.79166666666666,-0.14057603,0.20495436,-0.4449645959316416,0.26662385389406945,0.0077578933,0.09664368,0.00029379578,0.14016071,0.099036366
150000,0.633847,2.0,-0.45652771919655305,195.79166666666666,-0.14057603,0.20495436,-0.4449645959316416,0.26662385389406945,0.0077578933,0.09664368,0.00029379578,0.14016071,0.099036366
160000,0.73244125,2.0,-0.4453878206581893,196.16363636363636,-0.19906361,0.21138543,-0.4453879340128465,0.3776409685273062,0.00822641,0.09807025,0.00029339327,0.18387462,0.145243
160000,0.73244125,2.0,-0.4453878206581893,196.16363636363636,-0.19906361,0.21138543,-0.4453879340128465,0.3776409685273062,0.00822641,0.09807025,0.00029339327,0.18387462,0.145243
160000,0.73244125,2.0,-0.4453878206581893,196.16363636363636,-0.19906361,0.21138543,-0.4453879340128465,0.3776409685273062,0.00822641,0.09807025,0.00029339327,0.18387462,0.145243
160000,0.73244125,2.0,-0.4453878206581893,196.16363636363636,-0.19906361,0.21138543,-0.4453879340128465,0.3776409685273062,0.00822641,0.09807025,0.00029339327,0.18387462,0.145243
170000,0.7507153,2.0,-0.027385368277464295,153.90625,-0.054241974,0.19385046,-0.04234875578146714,0.3313302467218958,0.011470409,0.10538912,0.0002929531,0.21340501,0.16961715
170000,0.7507153,2.0,-0.027385368277464295,153.90625,-0.054241974,0.19385046,-0.04234875578146714,0.3313302467218958,0.011470409,0.10538912,0.0002929531,0.21340501,0.16961715
170000,0.7507153,2.0,-0.027385368277464295,153.90625,-0.054241974,0.19385046,-0.04234875578146714,0.3313302467218958,0.011470409,0.10538912,0.0002929531,0.21340501,0.16961715
170000,0.7507153,2.0,-0.027385368277464295,153.90625,-0.054241974,0.19385046,-0.04234875578146714,0.3313302467218958,0.011470409,0.10538912,0.0002929531,0.21340501,0.16961715
180000,0.73937124,2.0,-0.14039439316450927,171.13333333333333,-0.067455225,0.19040525,-0.12582490151211367,0.33773839112244924,0.013744879,0.10047301,0.00029250333,0.18818018,0.14200304
180000,0.73937124,2.0,-0.14039439316450927,171.13333333333333,-0.067455225,0.19040525,-0.12582490151211367,0.33773839112244924,0.013744879,0.10047301,0.00029250333,0.18818018,0.14200304
180000,0.73937124,2.0,-0.14039439316450927,171.13333333333333,-0.067455225,0.19040525,-0.12582490151211367,0.33773839112244924,0.013744879,0.10047301,0.00029250333,0.18818018,0.14200304
180000,0.73937124,2.0,-0.14039439316450927,171.13333333333333,-0.067455225,0.19040525,-0.12582490151211367,0.33773839112244924,0.013744879,0.10047301,0.00029250333,0.18818018,0.14200304
190000,0.74891424,2.0,-0.015563171256558391,157.70689655172413,-0.02839841,0.19694994,-0.03301728902191951,0.31628796310517293,0.012749061,0.09983606,0.00029205056,0.20425268,0.13901162
190000,0.74891424,2.0,-0.015563171256558391,157.70689655172413,-0.02839841,0.19694994,-0.03301728902191951,0.31628796310517293,0.012749061,0.09983606,0.00029205056,0.20425268,0.13901162
190000,0.74891424,2.0,-0.015563171256558391,157.70689655172413,-0.02839841,0.19694994,-0.03301728902191951,0.31628796310517293,0.012749061,0.09983606,0.00029205056,0.20425268,0.13901162
190000,0.74891424,2.0,-0.015563171256558391,157.70689655172413,-0.02839841,0.19694994,-0.03301728902191951,0.31628796310517293,0.012749061,0.09983606,0.00029205056,0.20425268,0.13901162
200000,0.7211427,2.0,0.19850837639241944,130.35,0.22171648,0.223165,0.18870830535888672,0.23676521850284188,0.011995669,0.09910339,0.00029164448,0.17553492,0.10898485
200000,0.7211427,2.0,0.19850837639241944,130.35,0.22171648,0.223165,0.18870830535888672,0.23676521850284188,0.011995669,0.09910339,0.00029164448,0.17553492,0.10898485
200000,0.7211427,2.0,0.19850837639241944,130.35,0.22171648,0.223165,0.18870830535888672,0.23676521850284188,0.011995669,0.09910339,0.00029164448,0.17553492,0.10898485
200000,0.7211427,2.0,0.19850837639241944,130.35,0.22171648,0.223165,0.18870830535888672,0.23676521850284188,0.011995669,0.09910339,0.00029164448,0.17553492,0.10898485
210000,0.68966204,2.0,0.26203925606027684,121.51764705882353,0.21928482,0.22297296,0.2651607660686269,0.19115953707300565,0.010669922,0.1022017,0.00029123895,0.16917899,0.09808982
210000,0.68966204,2.0,0.26203925606027684,121.51764705882353,0.21928482,0.22297296,0.2651607660686269,0.19115953707300565,0.010669922,0.1022017,0.00029123895,0.16917899,0.09808982
210000,0.68966204,2.0,0.26203925606027684,121.51764705882353,0.21928482,0.22297296,0.2651607660686269,0.19115953707300565,0.010669922,0.1022017,0.00029123895,0.16917899,0.09808982
210000,0.68966204,2.0,0.26203925606027684,121.51764705882353,0.21928482,0.22297296,0.2651607660686269,0.19115953707300565,0.010669922,0.1022017,0.00029123895,0.16917899,0.09808982
220000,0.62635887,2.0,0.6229187286273402,81.02439024390245,0.42674652,0.21399398,0.622177413154033,0.1251740321712268,0.010589983,0.10109632,0.00029079008,0.16001615,0.09315786
220000,0.62635887,2.0,0.6229187286273402,81.02439024390245,0.42674652,0.21399398,0.622177413154033,0.1251740321712268,0.010589983,0.10109632,0.00029079008,0.16001615,0.09315786
220000,0.62635887,2.0,0.6229187286273402,81.02439024390245,0.42674652,0.21399398,0.622177413154033,0.1251740321712268,0.010589983,0.10109632,0.00029079008,0.16001615,0.09315786
220000,0.62635887,2.0,0.6229187286273402,81.02439024390245,0.42674652,0.21399398,0.622177413154033,0.1251740321712268,0.010589983,0.10109632,0.00029079008,0.16001615,0.09315786
230000,0.6293508,2.0,0.6020179766516845,77.3076923076923,0.502989,0.22378081,0.6144263536431068,0.10800146335346061,0.007408409,0.10698922,0.0002903485,0.14115594,0.07845931
230000,0.6293508,2.0,0.6020179766516845,77.3076923076923,0.502989,0.22378081,0.6144263536431068,0.10800146335346061,0.007408409,0.10698922,0.0002903485,0.14115594,0.07845931
230000,0.6293508,2.0,0.6020179766516845,77.3076923076923,0.502989,0.22378081,0.6144263536431068,0.10800146335346061,0.007408409,0.10698922,0.0002903485,0.14115594,0.07845931
230000,0.6293508,2.0,0.6020179766516845,77.3076923076923,0.502989,0.22378081,0.6144263536431068,0.10800146335346061,0.007408409,0.10698922,0.0002903485,0.14115594,0.07845931
240000,0.6007668,2.0,0.6227076785623661,78.94262295081967,0.54743105,0.24383734,0.6087630790127211,0.10516590434934728,0.007007207,0.10094212,0.00028990716,0.13199794,0.065240465
240000,0.6007668,2.0,0.6227076785623661,78.94262295081967,0.54743105,0.24383734,0.6087630790127211,0.10516590434934728,0.007007207,0.10094212,0.00028990716,0.13199794,0.065240465
240000,0.6007668,2.0,0.6227076785623661,78.94262295081967,0.54743105,0.24383734,0.6087630790127211,0.10516590434934728,0.007007207,0.10094212,0.00028990716,0.13199794,0.065240465
240000,0.6007668,2.0,0.6227076785623661,78.94262295081967,0.54743105,0.24383734,0.6087630790127211,0.10516590434934728,0.007007207,0.10094212,0.00028990716,0.13199794,0.065240465
250000,0.5627277,2.0,0.7203839897764611,62.61392405063291,0.6023711,0.2548166,0.719092834976655,0.08055070560142587,0.0046844007,0.10120082,0.000289467,0.13127856,0.062118
250000,0.5627277,2.0,0.7203839897764611,62.61392405063291,0.6023711,0.2548166,0.719092834976655,0.08055070560142587,0.0046844007,0.10120082,0.000289467,0.13127856,0.062118
250000,0.5627277,2.0,0.7203839897764611,62.61392405063291,0.6023711,0.2548166,0.719092834976655,0.08055070560142587,0.0046844007,0.10120082,0.000289467,0.13127856,0.062118
250000,0.5627277,2.0,0.7203839897764611,62.61392405063291,0.6023711,0.2548166,0.719092834976655,0.08055070560142587,0.0046844007,0.10120082,0.000289467,0.13127856,0.062118
260000,0.52270997,2.0,0.7377076281073955,60.187134502923975,0.66659826,0.22298433,0.7377538861230363,0.06509397488607224,0.0033549664,0.097248964,0.00028906882,0.11486156,0.04886439
260000,0.52270997,2.0,0.7377076281073955,60.187134502923975,0.66659826,0.22298433,0.7377538861230363,0.06509397488607224,0.0033549664,0.097248964,0.00028906882,0.11486156,0.04886439
260000,0.52270997,2.0,0.7377076281073955,60.187134502923975,0.66659826,0.22298433,0.7377538861230363,0.06509397488607224,0.0033549664,0.097248964,0.00028906882,0.11486156,0.04886439
260000,0.52270997,2.0,0.7377076281073955,60.187134502923975,0.66659826,0.22298433,0.7377538861230363,0.06509397488607224,0.0033549664,0.097248964,0.00028906882,0.11486156,0.04886439
270000,0.52474874,2.0,0.7724838327629758,54.502857142857145,0.6738327,0.15566163,0.772445730141231,0.053161375160728185,0.00285696,0.0990427,0.0002886686,0.1080905,0.042370256
270000,0.52474874,2.0,0.7724838327629758,54.502857142857145,0.6738327,0.15566163,0.772445730141231,0.053161375160728185,0.00285696,0.0990427,0.0002886686,0.1080905,0.042370256
270000,0.52474874,2.0,0.7724838327629758,54.502857142857145,0.6738327,0.15566163,0.772445730141231,0.053161375160728185,0.00285696,0.0990427,0.0002886686,0.1080905,0.042370256
270000,0.52474874,2.0,0.7724838327629758,54.502857142857145,0.6738327,0.15566163,0.772445730141231,0.053161375160728185,0.00285696,0.0990427,0.0002886686,0.1080905,0.042370256
280000,0.46038976,2.0,0.7796405112707295,52.82722513089005,0.67093176,0.14728741,0.7805759296679372,0.06512243254354019,0.0027278152,0.099851094,0.0002882225,0.1294795,0.052969825
280000,0.46038976,2.0,0.7796405112707295,52.82722513089005,0.67093176,0.14728741,0.7805759296679372,0.06512243254354019,0.0027278152,0.099851094,0.0002882225,0.1294795,0.052969825
280000,0.46038976,2.0,0.7796405112707295,52.82722513089005,0.67093176,0.14728741,0.7805759296679372,0.06512243254354019,0.0027278152,0.099851094,0.0002882225,0.1294795,0.052969825
280000,0.46038976,2.0,0.7796405112707295,52.82722513089005,0.67093176,0.14728741,0.7805759296679372,0.06512243254354019,0.0027278152,0.099851094,0.0002882225,0.1294795,0.052969825
290000,0.7827878,3.0,0.4773082815771622,97.17204301075269,0.4625527,0.20720236,0.5107318814034048,0.17615849656336333,0.0041842037,0.10136292,0.00028777227,0.19691005,0.15214641
290000,0.7827878,3.0,0.4773082815771622,97.17204301075269,0.4625527,0.20720236,0.5107318814034048,0.17615849656336333,0.0041842037,0.10136292,0.00028777227,0.19691005,0.15214641
290000,0.7827878,3.0,0.4773082815771622,97.17204301075269,0.4625527,0.20720236,0.5107318814034048,0.17615849656336333,0.0041842037,0.10136292,0.00028777227,0.19691005,0.15214641
290000,0.7827878,3.0,0.4773082815771622,97.17204301075269,0.4625527,0.20720236,0.5107318814034048,0.17615849656336333,0.0041842037,0.10136292,0.00028777227,0.19691005,0.15214641
300000,0.9224711,3.0,-0.15321599507135236,180.24074074074073,0.2326786,0.25464588,-0.19608490792187777,0.42930004985325715,0.0045676734,0.093985885,0.0002873529,0.23289445,0.17406306
300000,0.9224711,3.0,-0.15321599507135236,180.24074074074073,0.2326786,0.25464588,-0.19608490792187777,0.42930004985325715,0.0045676734,0.093985885,0.0002873529,0.23289445,0.17406306
300000,0.9224711,3.0,-0.15321599507135236,180.24074074074073,0.2326786,0.25464588,-0.19608490792187777,0.42930004985325715,0.0045676734,0.093985885,0.0002873529,0.23289445,0.17406306
300000,0.9224711,3.0,-0.15321599507135236,180.24074074074073,0.2326786,0.25464588,-0.19608490792187777,0.42930004985325715,0.0045676734,0.093985885,0.0002873529,0.23289445,0.17406306
310000,0.89623594,3.0,-0.25321563015984117,189.19607843137254,0.14632252,0.22377872,-0.22364057279100605,0.3734867468512818,0.0042981496,0.0960786,0.0002869453,0.20225266,0.1636335
310000,0.89623594,3.0,-0.25321563015984117,189.19607843137254,0.14632252,0.22377872,-0.22364057279100605,0.3734867468512818,0.0042981496,0.0960786,0.0002869453,0.20225266,0.1636335
310000,0.89623594,3.0,-0.25321563015984117,189.19607843137254,0.14632252,0.22377872,-0.22364057279100605,0.3734867468512818,0.0042981496,0.0960786,0.0002869453,0.20225266,0.1636335
310000,0.89623594,3.0,-0.25321563015984117,189.19607843137254,0.14632252,0.22377872,-0.22364057279100605,0.3734867468512818,0.0042981496,0.0960786,0.0002869453,0.20225266,0.1636335
320000,0.78648037,3.0,0.13286445779189215,156.0677966101695,0.19343947,0.22678876,0.11402773459752401,0.28562866648038227,0.00476693,0.10567912,0.00028649755,0.17541352,0.11650475
320000,0.78648037,3.0,0.13286445779189215,156.0677966101695,0.19343947,0.22678876,0.11402773459752401,0.28562866648038227,0.00476693,0.10567912,0.00028649755,0.17541352,0.11650475
320000,0.78648037,3.0,0.13286445779189215,156.0677966101695,0.19343947,0.22678876,0.11402773459752401,0.28562866648038227,0.00476693,0.10567912,0.00028649755,0.17541352,0.11650475
320000,0.78648037,3.0,0.13286445779189215,156.0677966101695,0.19343947,0.22678876,0.11402773459752401,0.28562866648038227,0.00476693,0.10567912,0.00028649755,0.17541352,0.11650475
330000,0.85532033,3.0,-0.13410747406869045,177.19354838709677,0.19384296,0.22422127,-0.1484426733900289,0.2951261786072225,0.0051393947,0.10114573,0.00028604496,0.17476764,0.1164459
330000,0.85532033,3.0,-0.13410747406869045,177.19354838709677,0.19384296,0.22422127,-0.1484426733900289,0.2951261786072225,0.0051393947,0.10114573,0.00028604496,0.17476764,0.1164459
330000,0.85532033,3.0,-0.13410747406869045,177.19354838709677,0.19384296,0.22422127,-0.1484426733900289,0.2951261786072225,0.0051393947,0.10114573,0.00028604496,0.17476764,0.1164459
330000,0.85532033,3.0,-0.13410747406869045,177.19354838709677,0.19384296,0.22422127,-0.1484426733900289,0.2951261786072225,0.0051393947,0.10114573,0.00028604496,0.17476764,0.1164459
340000,0.8122136,3.0,0.11076415275366834,151.7846153846154,0.21353357,0.256941,0.12030299007892609,0.2607958883992537,0.0056663873,0.10635437,0.00028564373,0.17141952,0.09551847
340000,0.8122136,3.0,0.11076415275366834,151.7846153846154,0.21353357,0.256941,0.12030299007892609,0.2607958883992537,0.0056663873,0.10635437,0.00028564373,0.17141952,0.09551847
340000,0.8122136,3.0,0.11076415275366834,151.7846153846154,0.21353357,0.256941,0.12030299007892609,0.2607958883992537,0.0056663873,0.10635437,0.00028564373,0.17141952,0.09551847
340000,0.8122136,3.0,0.11076415275366834,151.7846153846154,0.21353357,0.256941,0.12030299007892609,0.2607958883992537,0.0056663873,0.10635437,0.00028564373,0.17141952,0.09551847
350000,0.81328624,3.0,0.22972607402105447,139.8904109589041,0.29813436,0.24909528,0.22661570997701752,0.19010929918537536,0.0059081223,0.09857364,0.00028524088,0.13020644,0.06369384
350000,0.81328624,3.0,0.22972607402105447,139.8904109589041,0.29813436,0.24909528,0.22661570997701752,0.19010929918537536,0.0059081223,0.09857364,0.00028524088,0.13020644,0.06369384
350000,0.81328624,3.0,0.22972607402105447,139.8904109589041,0.29813436,0.24909528,0.22661570997701752,0.19010929918537536,0.0059081223,0.09857364,0.00028524088,0.13020644,0.06369384
350000,0.81328624,3.0,0.22972607402105447,139.8904109589041,0.29813436,0.24909528,0.22661570997701752,0.19010929918537536,0.0059081223,0.09857364,0.00028524088,0.13020644,0.06369384
360000,0.7542105,3.0,0.44339397764997557,115.23863636363636,0.38144228,0.2540501,0.44107573276216333,0.13957739702891558,0.0046113,0.11070268,0.0002847889,0.12598987,0.06653823
360000,0.7542105,3.0,0.44339397764997557,115.23863636363636,0.38144228,0.2540501,0.44107573276216333,0.13957739702891558,0.0046113,0.11070268,0.0002847889,0.12598987,0.06653823
360000,0.7542105,3.0,0.44339397764997557,115.23863636363636,0.38144228,0.2540501,0.44107573276216333,0.13957739702891558,0.0046113,0.11070268,0.0002847889,0.12598987,0.06653823
360000,0.7542105,3.0,0.44339397764997557,115.23863636363636,0.38144228,0.2540501,0.44107573276216333,0.13957739702891558,0.0046113,0.11070268,0.0002847889,0.12598987,0.06653823
370000,0.74340314,3.0,0.3426491633688688,123.67105263157895,0.34768876,0.25140733,0.3644604906439781,0.16044459710093706,0.0059755365,0.095913745,0.00028434262,0.12990277,0.067768104
370000,0.74340314,3.0,0.3426491633688688,123.67105263157895,0.34768876,0.25140733,0.3644604906439781,0.16044459710093706,0.0059755365,0.095913745,0.00028434262,0.12990277,0.067768104
370000,0.74340314,3.0,0.3426491633688688,123.67105263157895,0.34768876,0.25140733,0.3644604906439781,0.16044459710093706,0.0059755365,0.095913745,0.00028434262,0.12990277,0.067768104
370000,0.74340314,3.0,0.3426491633688688,123.67105263157895,0.34768876,0.25140733,0.3644604906439781,0.16044459710093706,0.0059755365,0.095913745,0.00028434262,0.12990277,0.067768104
380000,0.7691697,3.0,0.31211254238442054,130.0875,0.33785573,0.23838219,0.31209579333662985,0.15535412093158812,0.004089509,0.098148696,0.00028390062,0.1241623,0.069075145
380000,0.7691697,3.0,0.31211254238442054,130.0875,0.33785573,0.23838219,0.31209579333662985,0.15535412093158812,0.004089509,0.098148696,0.00028390062,0.1241623,0.069075145
380000,0.7691697,3.0,0.31211254238442054,130.0875,0.33785573,0.23838219,0.31209579333662985,0.15535412093158812,0.004089509,0.098148696,0.00028390062,0.1241623,0.069075145
380000,0.7691697,3.0,0.31211254238442054,130.0875,0.33785573,0.23838219,0.31209579333662985,0.15535412093158812,0.004089509,0.098148696,0.00028390062,0.1241623,0.069075145
390000,0.7124015,3.0,0.3786749356127356,120.22222222222223,0.3769414,0.20398398,0.36187802000743585,0.1503354202070069,0.0039983178,0.10078424,0.0002835012,0.1270152,0.0650256
390000,0.7124015,3.0,0.3786749356127356,120.22222222222223,0.3769414,0.20398398,0.36187802000743585,0.1503354202070069,0.0039983178,0.10078424,0.0002835012,0.1270152,0.0650256
390000,0.7124015,3.0,0.3786749356127356,120.22222222222223,0.3769414,0.20398398,0.36187802000743585,0.1503354202070069,0.0039983178,0.10078424,0.0002835012,0.1270152,0.0650256
390000,0.7124015,3.0,0.3786749356127356,120.22222222222223,0.3769414,0.20398398,0.36187802000743585,0.1503354202070069,0.0039983178,0.10078424,0.0002835012,0.1270152,0.0650256
400000,0.74460286,3.0,0.5270842857694683,103.36263736263736,0.41516855,0.17667373,0.5270842248266869,0.10186861913937789,0.0039623054,0.097360626,0.00028309744,0.10488806,0.050841093
400000,0.74460286,3.0,0.5270842857694683,103.36263736263736,0.41516855,0.17667373,0.5270842248266869,0.10186861913937789,0.0039623054,0.097360626,0.00028309744,0.10488806,0.050841093
400000,0.74460286,3.0,0.5270842857694683,103.36263736263736,0.41516855,0.17667373,0.5270842248266869,0.10186861913937789,0.0039623054,0.097360626,0.00028309744,0.10488806,0.050841093
400000,0.74460286,3.0,0.5270842857694683,103.36263736263736,0.41516855,0.17667373,0.5270842248266869,0.10186861913937789,0.0039623054,0.097360626,0.00028309744,0.10488806,0.050841093
410000,0.71390796,3.0,0.455932699795342,107.07070707070707,0.441376,0.18617187,0.45273126753009096,0.12295264466570652,0.0044151354,0.109161,0.00028265044,0.11498463,0.05653246
410000,0.71390796,3.0,0.455932699795342,107.07070707070707,0.441376,0.18617187,0.45273126753009096,0.12295264466570652,0.0044151354,0.109161,0.00028265044,0.11498463,0.05653246
410000,0.71390796,3.0,0.455932699795342,107.07070707070707,0.441376,0.18617187,0.45273126753009096,0.12295264466570652,0.0044151354,0.109161,0.00028265044,0.11498463,0.05653246
410000,0.71390796,3.0,0.455932699795342,107.07070707070707,0.441376,0.18617187,0.45273126753009096,0.12295264466570652,0.0044151354,0.109161,0.00028265044,0.11498463,0.05653246
420000,0.7044874,3.0,0.587263189650778,99.4421052631579,0.49882433,0.2049894,0.5891631599515676,0.096640014196358,0.0031655643,0.10014176,0.00028220477,0.10452173,0.044122998
420000,0.7044874,3.0,0.587263189650778,99.4421052631579,0.49882433,0.2049894,0.5891631599515676,0.096640014196358,0.0031655643,0.10014176,0.00028220477,0.10452173,0.044122998
420000,0.7044874,3.0,0.587263189650778,99.4421052631579,0.49882433,0.2049894,0.5891631599515676,0.096640014196358,0.0031655643,0.10014176,0.00028220477,0.10452173,0.044122998
420000,0.7044874,3.0,0.587263189650778,99.4421052631579,0.49882433,0.2049894,0.5891631599515676,0.096640014196358,0.0031655643,0.10014176,0.00028220477,0.10452173,0.044122998
430000,0.71147907,4.0,0.5873171859511256,97.20388349514563,0.4906434,0.19658495,0.5859607542846718,0.08947473069123339,0.0034592517,0.10007544,0.0002817615,0.09382804,0.04143823
430000,0.71147907,4.0,0.5873171859511256,97.20388349514563,0.4906434,0.19658495,0.5859607542846718,0.08947473069123339,0.0034592517,0.10007544,0.0002817615,0.09382804,0.04143823
430000,0.71147907,4.0,0.5873171859511256,97.20388349514563,0.4906434,0.19658495,0.5859607542846718,0.08947473069123339,0.0034592517,0.10007544,0.0002817615,0.09382804,0.04143823
430000,0.71147907,4.0,0.5873171859511256,97.20388349514563,0.4906434,0.19658495,0.5859607542846718,0.08947473069123339,0.0034592517,0.10007544,0.0002817615,0.09382804,0.04143823
440000,0.84790486,4.0,0.2367363594465458,133.52238805970148,0.34842244,0.1706399,0.2624924934622067,0.15095684517508567,0.0026674592,0.094747126,0.00028134338,0.12457986,0.07805452
440000,0.84790486,4.0,0.2367363594465458,133.52238805970148,0.34842244,0.1706399,0.2624924934622067,0.15095684517508567,0.0026674592,0.094747126,0.00028134338,0.12457986,0.07805452
440000,0.84790486,4.0,0.2367363594465458,133.52238805970148,0.34842244,0.1706399,0.2624924934622067,0.15095684517508567,0.0026674592,0.094747126,0.00028134338,0.12457986,0.07805452
440000,0.84790486,4.0,0.2367363594465458,133.52238805970148,0.34842244,0.1706399,0.2624924934622067,0.15095684517508567,0.0026674592,0.094747126,0.00028134338,0.12457986,0.07805452
450000,0.749289,4.0,0.27684448764659464,136.09333333333333,0.39138767,0.17334826,0.25607203349873825,0.15336259167226082,0.003385476,0.09987336,0.00028093983,0.117135525,0.055373162
450000,0.749289,4.0,0.27684448764659464,136.09333333333333,0.39138767,0.17334826,0.25607203349873825,0.15336259167226082,0.003385476,0.09987336,0.00028093983,0.117135525,0.055373162
450000,0.749289,4.0,0.27684448764659464,136.09333333333333,0.39138767,0.17334826,0.25607203349873825,0.15336259167226082,0.003385476,0.09987336,0.00028093983,0.117135525,0.055373162
450000,0.749289,4.0,0.27684448764659464,136.09333333333333,0.39138767,0.17334826,0.25607203349873825,0.15336259167226082,0.003385476,0.09987336,0.00028093983,0.117135525,0.055373162
460000,0.73807573,4.0,0.38311716074413443,132.63513513513513,0.42453697,0.18639442,0.37872440616289776,0.1535784989471237,0.0027995543,0.099591084,0.00028049044,0.111670434,0.053117134
460000,0.73807573,4.0,0.38311716074413443,132.63513513513513,0.42453697,0.18639442,0.37872440616289776,0.1535784989471237,0.0027995543,0.099591084,0.00028049044,0.111670434,0.053117134
460000,0.73807573,4.0,0.38311716074413443,132.63513513513513,0.42453697,0.18639442,0.37872440616289776,0.1535784989471237,0.0027995543,0.099591084,0.00028049044,0.111670434,0.053117134
460000,0.73807573,4.0,0.38311716074413443,132.63513513513513,0.42453697,0.18639442,0.37872440616289776,0.1535784989471237,0.0027995543,0.099591084,0.00028049044,0.111670434,0.053117134
470000,0.6714595,4.0,0.4927518119654083,109.63829787234043,0.48539555,0.19543159,0.49434039916129824,0.10506150966629069,0.0024703895,0.09667419,0.0002800406,0.09978946,0.041196812
470000,0.6714595,4.0,0.4927518119654083,109.63829787234043,0.48539555,0.19543159,0.49434039916129824,0.10506150966629069,0.0024703895,0.09667419,0.0002800406,0.09978946,0.041196812
470000,0.6714595,4.0,0.4927518119654083,109.63829787234043,0.48539555,0.19543159,0.49434039916129824,0.10506150966629069,0.0024703895,0.09667419,0.0002800406,0.09978946,0.041196812
470000,0.6714595,4.0,0.4927518119654083,109.63829787234043,0.48539555,0.19543159,0.49434039916129824,0.10506150966629069,0.0024703895,0.09667419,0.0002800406,0.09978946,0.041196812
480000,0.6932136,4.0,0.4723333700701756,109.05434782608695,0.48459265,0.18629695,0.47336228548184683,0.10227875255109013,0.0026284573,0.10236712,0.00027964148,0.1006425,0.05159157
480000,0.6932136,4.0,0.4723333700701756,109.05434782608695,0.48459265,0.18629695,0.47336228548184683,0.10227875255109013,0.0026284573,0.10236712,0.00027964148,0.1006425,0.05159157
480000,0.6932136,4.0,0.4723333700701756,109.05434782608695,0.48459265,0.18629695,0.47336228548184683,0.10227875255109013,0.0026284573,0.10236712,0.00027964148,0.1006425,0.05159157
480000,0.6932136,4.0,0.4723333700701756,109.05434782608695,0.48459265,0.18629695,0.47336228548184683,0.10227875255109013,0.0026284573,0.10236712,0.00027964148,0.1006425,0.05159157
490000,0.6594883,4.0,0.5691448161801831,99.04040404040404,0.5059728,0.186148,0.5691312855542309,0.07911253125980647,0.0020473097,0.10235357,0.00027923696,0.08612804,0.039676588
490000,0.6594883,4.0,0.5691448161801831,99.04040404040404,0.5059728,0.186148,0.5691312855542309,0.07911253125980647,0.0020473097,0.10235357,0.00027923696,0.08612804,0.039676588
490000,0.6594883,4.0,0.5691448161801831,99.04040404040404,0.5059728,0.186148,0.5691312855542309,0.07911253125980647,0.0020473097,0.10235357,0.00027923696,0.08612804,0.039676588
490000,0.6594883,4.0,0.5691448161801831,99.04040404040404,0.5059728,0.186148,0.5691312855542309,0.07911253125980647,0.0020473097,0.10235357,0.00027923696,0.08612804,0.039676588
500000,0.68123335,4.0,0.5908910598955117,96.32692307692308,0.49968344,0.1777752,0.5884679237810465,0.0652328236543466,0.0022066548,0.098250195,0.0002787866,0.07278993,0.02848452
500000,0.68123335,4.0,0.5908910598955117,96.32692307692308,0.49968344,0.1777752,0.5884679237810465,0.0652328236543466,0.0022066548,0.098250195,0.0002787866,0.07278993,0.02848452
500000,0.68123335,4.0,0.5908910598955117,96.32692307692308,0.49968344,0.1777752,0.5884679237810465,0.0652328236543466,0.0022066548,0.098250195,0.0002787866,0.07278993,0.02848452
500000,0.68123335,4.0,0.5908910598955117,96.32692307692308,0.49968344,0.1777752,0.5884679237810465,0.0652328236543466,0.0022066548,0.098250195,0.0002787866,0.07278993,0.02848452
510000,0.7653158,5.0,-0.44560548056498034,68.8440366972477,0.19122595,0.1854944,-0.4345575682141564,0.09832542061128399,0.050370313,0.10806055,0.00027833774,0.11405671,0.05437722
510000,0.7653158,5.0,-0.44560548056498034,68.8440366972477,0.19122595,0.1854944,-0.4345575682141564,0.09832542061128399,0.050370313,0.10806055,0.00027833774,0.11405671,0.05437722
510000,0.7653158,5.0,-0.44560548056498034,68.8440366972477,0.19122595,0.1854944,-0.4345575682141564,0.09832542061128399,0.050370313,0.10806055,0.00027833774,0.11405671,0.05437722
510000,0.7653158,5.0,-0.44560548056498034,68.8440366972477,0.19122595,0.1854944,-0.4345575682141564,0.09832542061128399,0.050370313,0.10806055,0.00027833774,0.11405671,0.05437722
520000,0.9034271,5.0,-0.24564138077778008,151.37878787878788,0.060372498,0.18493234,-0.24564142209110837,0.1627368593084005,0.027731344,0.09895813,0.00027789487,0.112310484,0.057516534
520000,0.9034271,5.0,-0.24564138077778008,151.37878787878788,0.060372498,0.18493234,-0.24564142209110837,0.1627368593084005,0.027731344,0.09895813,0.00027789487,0.112310484,0.057516534
520000,0.9034271,5.0,-0.24564138077778008,151.37878787878788,0.060372498,0.18493234,-0.24564142209110837,0.1627368593084005,0.027731344,0.09895813,0.00027789487,0.112310484,0.057516534
520000,0.9034271,5.0,-0.24564138077778008,151.37878787878788,0.060372498,0.18493234,-0.24564142209110837,0.1627368593084005,0.027731344,0.09895813,0.00027789487,0.112310484,0.057516534
530000,0.87202686,5.0,0.4912456549508007,173.3684210526316,0.18434085,0.16338746,0.531386895637427,0.18476391706332965,0.028198656,0.10303522,0.00027749356,0.12266587,0.06421174
530000,0.87202686,5.0,0.4912456549508007,173.3684210526316,0.18434085,0.16338746,0.531386895637427,0.18476391706332965,0.028198656,0.10303522,0.00027749356,0.12266587,0.06421174
530000,0.87202686,5.0,0.4912456549508007,173.3684210526316,0.18434085,0.16338746,0.531386895637427,0.18476391706332965,0.028198656,0.10303522,0.00027749356,0.12266587,0.06421174
530000,0.87202686,5.0,0.4912456549508007,173.3684210526316,0.18434085,0.16338746,0.531386895637427,0.18476391706332965,0.028198656,0.10303522,0.00027749356,0.12266587,0.06421174
540000,0.90383816,5.0,0.8762436287697011,165.55769230769232,0.3174792,0.14814492,0.7919807577362428,0.15954414292131192,0.021914398,0.10184269,0.0002770965,0.08933188,0.049355417
540000,0.90383816,5.0,0.8762436287697011,165.55769230769232,0.3174792,0.14814492,0.7919807577362428,0.15954414292131192,0.021914398,0.10184269,0.0002770965,0.08933188,0.049355417
540000,0.90383816,5.0,0.8762436287697011,165.55769230769232,0.3174792,0.14814492,0.7919807577362428,0.15954414292131192,0.021914398,0.10184269,0.0002770965,0.08933188,0.049355417
540000,0.90383816,5.0,0.8762436287697011,165.55769230769232,0.3174792,0.14814492,0.7919807577362428,0.15954414292131192,0.021914398,0.10184269,0.0002770965,0.08933188,0.049355417
550000,0.8702222,5.0,0.8765266894991509,179.54,0.49270985,0.14583504,0.9108104235401341,0.16217255053639995,0.02264682,0.10187163,0.00027665222,0.10094528,0.07036401
550000,0.8702222,5.0,0.8765266894991509,179.54,0.49270985,0.14583504,0.9108104235401341,0.16217255053639995,0.02264682,0.10187163,0.00027665222,0.10094528,0.07036401
550000,0.8702222,5.0,0.8765266894991509,179.54,0.49270985,0.14583504,0.9108104235401341,0.16217255053639995,0.02264682,0.10187163,0.00027665222,0.10094528,0.07036401
550000,0.8702222,5.0,0.8765266894991509,179.54,0.49270985,0.14583504,0.9108104235401341,0.16217255053639995,0.02264682,0.10187163,0.00027665222,0.10094528,0.07036401
560000,0.84376025,5.0,1.3524080826098035,200.5344827586207,0.63638,0.15544288,1.352408017063963,0.22881189819650147,0.022765337,0.10960396,0.00027621092,0.11761083,0.06763268
560000,0.84376025,5.0,1.3524080826098035,200.5344827586207,0.63638,0.15544288,1.352408017063963,0.22881189819650147,0.022765337,0.10960396,0.00027621092,0.11761083,0.06763268
560000,0.84376025,5.0,1.3524080826098035,200.5344827586207,0.63638,0.15544288,1.352408017063963,0.22881189819650147,0.022765337,0.10960396,0.00027621092,0.11761083,0.06763268
560000,0.84376025,5.0,1.3524080826098035,200.5344827586207,0.63638,0.15544288,1.352408017063963,0.22881189819650147,0.022765337,0.10960396,0.00027621092,0.11761083,0.06763268
570000,0.75152624,5.0,1.1773989401418012,163.11475409836066,0.8372196,0.15407223,1.1855388835072518,0.16273817413796982,0.028297212,0.10708413,0.0002757662,0.10308404,0.057182588
570000,0.75152624,5.0,1.1773989401418012,163.11475409836066,0.8372196,0.15407223,1.1855388835072518,0.16273817413796982,0.028297212,0.10708413,0.0002757662,0.10308404,0.057182588
570000,0.75152624,5.0,1.1773989401418012,163.11475409836066,0.8372196,0.15407223,1.1855388835072518,0.16273817413796982,0.028297212,0.10708413,0.0002757662,0.10308404,0.057182588
570000,0.75152624,5.0,1.1773989401418012,163.11475409836066,0.8372196,0.15407223,1.1855388835072518,0.16273817413796982,0.028297212,0.10708413,0.0002757662,0.10308404,0.057182588
580000,0.74775517,5.0,1.6972286020688314,156.12857142857143,1.0560955,0.16959885,1.683028174957759,0.14785538355714944,0.024680343,0.097334415,0.00027536543,0.094970256,0.04524832
580000,0.74775517,5.0,1.6972286020688314,156.12857142857143,1.0560955,0.16959885,1.683028174957759,0.14785538355714944,0.024680343,0.097334415,0.00027536543,0.094970256,0.04524832
580000,0.74775517,5.0,1.6972286020688314,156.12857142857143,1.0560955,0.16959885,1.683028174957759,0.14785538355714944,0.024680343,0.097334415,0.00027536543,0.094970256,0.04524832
580000,0.74775517,5.0,1.6972286020688314,156.12857142857143,1.0560955,0.16959885,1.683028174957759,0.14785538355714944,0.024680343,0.097334415,0.00027536543,0.094970256,0.04524832
590000,0.6948725,5.0,2.0354127267630595,154.34920634920636,1.2637794,0.17851354,2.0354126767506675,0.13404731115414983,0.026641268,0.10899583,0.00027495954,0.08741842,0.0329843
590000,0.6948725,5.0,2.0354127267630595,154.34920634920636,1.2637794,0.17851354,2.0354126767506675,0.13404731115414983,0.026641268,0.10899583,0.00027495954,0.08741842,0.0329843
590000,0.6948725,5.0,2.0354127267630595,154.34920634920636,1.2637794,0.17851354,2.0354126767506675,0.13404731115414983,0.026641268,0.10899583,0.00027495954,0.08741842,0.0329843
590000,0.6948725,5.0,2.0354127267630595,154.34920634920636,1.2637794,0.17851354,2.0354126767506675,0.13404731115414983,0.026641268,0.10899583,0.00027495954,0.08741842,0.0329843
600000,0.6348384,5.0,1.5942891750734367,128.49397590361446,1.1272925,0.19301696,1.5942891304751476,0.1066722998631198,0.03565771,0.09771294,0.00027451187,0.08381357,0.037669223
600000,0.6348384,5.0,1.5942891750734367,128.49397590361446,1.1272925,0.19301696,1.5942891304751476,0.1066722998631198,0.03565771,0.09771294,0.00027451187,0.08381357,0.037669223
600000,0.6348384,5.0,1.5942891750734367,128.49397590361446,1.1272925,0.19301696,1.5942891304751476,0.1066722998631198,0.03565771,0.09771294,0.00027451187,0.08381357,0.037669223
600000,0.6348384,5.0,1.5942891750734367,128.49397590361446,1.1272925,0.19301696,1.5942891304751476,0.1066722998631198,0.03565771,0.09771294,0.00027451187,0.08381357,0.037669223
610000,0.6814529,5.0,1.6892051447648555,114.85897435897436,1.1018888,0.22379346,1.6892051154222243,0.09588993764601839,0.031349823,0.10323769,0.0002740664,0.093493626,0.06258281
610000,0.6814529,5.0,1.6892051447648555,114.85897435897436,1.1018888,0.22379346,1.6892051154222243,0.09588993764601839,0.031349823,0.10323769,0.0002740664,0.093493626,0.06258281
610000,0.6814529,5.0,1.6892051447648555,114.85897435897436,1.1018888,0.22379346,1.6892051154222243,0.09588993764601839,0.031349823,0.10323769,0.0002740664,0.093493626,0.06258281
610000,0.6814529,5.0,1.6892051447648555,114.85897435897436,1.1018888,0.22379346,1.6892051154222243,0.09588993764601839,0.031349823,0.10323769,0.0002740664,0.093493626,0.06258281
620000,0.7510314,5.0,1.429046191343178,152.43076923076924,1.1188784,0.22372441,1.4290461352238288,0.1346932040921484,0.027919268,0.09976708,0.00027361786,0.08873742,0.052084766
620000,0.7510314,5.0,1.429046191343178,152.43076923076924,1.1188784,0.22372441,1.4290461352238288,0.1346932040921484,0.027919268,0.09976708,0.00027361786,0.08873742,0.052084766
620000,0.7510314,5.0,1.429046191343178,152.43076923076924,1.1188784,0.22372441,1.4290461352238288,0.1346932040921484,0.027919268,0.09976708,0.00027361786,0.08873742,0.052084766
620000,0.7510314,5.0,1.429046191343178,152.43076923076924,1.1188784,0.22372441,1.4290461352238288,0.1346932040921484,0.027919268,0.09976708,0.00027361786,0.08873742,0.052084766
630000,0.7138215,5.0,1.3679506336453797,134.9506172839506,1.187975,0.2145743,1.3495208121836186,0.10612314733443781,0.041029427,0.10256435,0.0002732143,0.089073256,0.04594181
630000,0.7138215,5.0,1.3679506336453797,134.9506172839506,1.187975,0.2145743,1.3495208121836186,0.10612314733443781,0.041029427,0.10256435,0.0002732143,0.089073256,0.04594181
630000,0.7138215,5.0,1.3679506336453797,134.9506172839506,1.187975,0.2145743,1.3495208121836186,0.10612314733443781,0.041029427,0.10256435,0.0002732143,0.089073256,0.04594181
630000,0.7138215,5.0,1.3679506336453797,134.9506172839506,1.187975,0.2145743,1.3495208121836186,0.10612314733443781,0.041029427,0.10256435,0.0002732143,0.089073256,0.04594181
640000,0.72094625,5.0,1.8609739693238225,137.453125,1.2590243,0.22317514,1.8619218354579061,0.09116150302725146,0.02277855,0.099286266,0.00027281456,0.0698048,0.026281351
640000,0.72094625,5.0,1.8609739693238225,137.453125,1.2590243,0.22317514,1.8619218354579061,0.09116150302725146,0.02277855,0.099286266,0.00027281456,0.0698048,0.026281351
640000,0.72094625,5.0,1.8609739693238225,137.453125,1.2590243,0.22317514,1.8619218354579061,0.09116150302725146,0.02277855,0.099286266,0.00027281456,0.0698048,0.026281351
640000,0.72094625,5.0,1.8609739693238225,137.453125,1.2590243,0.22317514,1.8619218354579061,0.09116150302725146,0.02277855,0.099286266,0.00027281456,0.0698048,0.026281351
650000,0.6731016,5.0,1.638243265741039,144.82432432432432,1.2482572,0.20309198,1.6534888764222464,0.11277441576433679,0.027218293,0.10096143,0.00027235868,0.08028451,0.03714338
650000,0.6731016,5.0,1.638243265741039,144.82432432432432,1.2482572,0.20309198,1.6534888764222464,0.11277441576433679,0.027218293,0.10096143,0.00027235868,0.08028451,0.03714338
650000,0.6731016,5.0,1.638243265741039,144.82432432432432,1.2482572,0.20309198,1.6534888764222464,0.11277441576433679,0.027218293,0.10096143,0.00027235868,0.08028451,0.03714338
650000,0.6731016,5.0,1.638243265741039,144.82432432432432,1.2482572,0.20309198,1.6534888764222464,0.11277441576433679,0.027218293,0.10096143,0.00027235868,0.08028451,0.03714338
660000,0.67606276,5.0,1.8976367777571654,125.85897435897436,1.2147264,0.17463394,1.8921731435633324,0.08327363823939647,0.027604237,0.10595296,0.00027191304,0.0758176,0.037098005
660000,0.67606276,5.0,1.8976367777571654,125.85897435897436,1.2147264,0.17463394,1.8921731435633324,0.08327363823939647,0.027604237,0.10595296,0.00027191304,0.0758176,0.037098005
660000,0.67606276,5.0,1.8976367777571654,125.85897435897436,1.2147264,0.17463394,1.8921731435633324,0.08327363823939647,0.027604237,0.10595296,0.00027191304,0.0758176,0.037098005
660000,0.67606276,5.0,1.8976367777571654,125.85897435897436,1.2147264,0.17463394,1.8921731435633324,0.08327363823939647,0.027604237,0.10595296,0.00027191304,0.0758176,0.037098005
670000,0.71716315,5.0,2.091084391562433,122.9493670886076,1.3408738,0.16646147,2.0866877376278743,0.08050534282987819,0.02428167,0.10380969,0.0002714675,0.06849756,0.029606935
670000,0.71716315,5.0,2.091084391562433,122.9493670886076,1.3408738,0.16646147,2.0866877376278743,0.08050534282987819,0.02428167,0.10380969,0.0002714675,0.06849756,0.029606935
670000,0.71716315,5.0,2.091084391562433,122.9493670886076,1.3408738,0.16646147,2.0866877376278743,0.08050534282987819,0.02428167,0.10380969,0.0002714675,0.06849756,0.029606935
670000,0.71716315,5.0,2.091084391562433,122.9493670886076,1.3408738,0.16646147,2.0866877376278743,0.08050534282987819,0.02428167,0.10380969,0.0002714675,0.06849756,0.029606935
680000,0.69328374,5.0,2.020040421243969,131.57575757575756,1.2387451,0.1521604,2.0296765908376493,0.09229838761323785,0.020294385,0.101621464,0.0002710682,0.07756074,0.055120666
680000,0.69328374,5.0,2.020040421243969,131.57575757575756,1.2387451,0.1521604,2.0296765908376493,0.09229838761323785,0.020294385,0.101621464,0.0002710682,0.07756074,0.055120666
680000,0.69328374,5.0,2.020040421243969,131.57575757575756,1.2387451,0.1521604,2.0296765908376493,0.09229838761323785,0.020294385,0.101621464,0.0002710682,0.07756074,0.055120666
680000,0.69328374,5.0,2.020040421243969,131.57575757575756,1.2387451,0.1521604,2.0296765908376493,0.09229838761323785,0.020294385,0.101621464,0.0002710682,0.07756074,0.055120666
690000,0.661804,5.0,1.8877500091078796,133.42045454545453,1.3281689,0.15267284,1.8661395181403604,0.08593020052107614,0.023336891,0.09956942,0.00027066603,0.05973789,0.033021066
690000,0.661804,5.0,1.8877500091078796,133.42045454545453,1.3281689,0.15267284,1.8661395181403604,0.08593020052107614,0.023336891,0.09956942,0.00027066603,0.05973789,0.033021066
690000,0.661804,5.0,1.8877500091078796,133.42045454545453,1.3281689,0.15267284,1.8661395181403604,0.08593020052107614,0.023336891,0.09956942,0.00027066603,0.05973789,0.033021066
690000,0.661804,5.0,1.8877500091078796,133.42045454545453,1.3281689,0.15267284,1.8661395181403604,0.08593020052107614,0.023336891,0.09956942,0.00027066603,0.05973789,0.033021066
700000,0.68915576,5.0,2.0396202575839775,123.43037974683544,1.4334705,0.15446955,2.0501707945019008,0.07534084187354892,0.0209484,0.101948895,0.00027022138,0.06938923,0.047023796
700000,0.68915576,5.0,2.0396202575839775,123.43037974683544,1.4334705,0.15446955,2.0501707945019008,0.07534084187354892,0.0209484,0.101948895,0.00027022138,0.06938923,0.047023796
700000,0.68915576,5.0,2.0396202575839775,123.43037974683544,1.4334705,0.15446955,2.0501707945019008,0.07534084187354892,0.0209484,0.101948895,0.00027022138,0.06938923,0.047023796
700000,0.68915576,5.0,2.0396202575839775,123.43037974683544,1.4334705,0.15446955,2.0501707945019008,0.07534084187354892,0.0209484,0.101948895,0.00027022138,0.06938923,0.047023796
710000,0.6754476,5.0,1.900078457499416,128.58823529411765,1.3144507,0.14840549,1.912400944725327,0.08098587192648994,0.022756029,0.099837855,0.0002697777,0.07284284,0.03778196
710000,0.6754476,5.0,1.900078457499416,128.58823529411765,1.3144507,0.14840549,1.912400944725327,0.08098587192648994,0.022756029,0.099837855,0.0002697777,0.07284284,0.03778196
710000,0.6754476,5.0,1.900078457499416,128.58823529411765,1.3144507,0.14840549,1.912400944725327,0.08098587192648994,0.022756029,0.099837855,0.0002697777,0.07284284,0.03778196
710000,0.6754476,5.0,1.900078457499416,128.58823529411765,1.3144507,0.14840549,1.912400944725327,0.08098587192648994,0.022756029,0.099837855,0.0002697777,0.07284284,0.03778196
720000,0.58940816,5.0,1.9811083579901605,138.3625,1.3900894,0.12975453,1.971481006168112,0.0980259695228873,0.014807487,0.10309198,0.00026933145,0.062846914,0.041190825
720000,0.58940816,5.0,1.9811083579901605,138.3625,1.3900894,0.12975453,1.971481006168112,0.0980259695228873,0.014807487,0.10309198,0.00026933145,0.062846914,0.041190825
720000,0.58940816,5.0,1.9811083579901605,138.3625,1.3900894,0.12975453,1.971481006168112,0.0980259695228873,0.014807487,0.10309198,0.00026933145,0.062846914,0.041190825
720000,0.58940816,5.0,1.9811083579901605,138.3625,1.3900894,0.12975453,1.971481006168112,0.0980259695228873,0.014807487,0.10309198,0.00026933145,0.062846914,0.041190825
730000,0.631042,5.0,2.2316536916806906,109.20779220779221,1.4805937,0.12700576,2.2381922705815387,0.06651316440771692,0.025207838,0.09827841,0.00026893307,0.07126198,0.022136893
730000,0.631042,5.0,2.2316536916806906,109.20779220779221,1.4805937,0.12700576,2.2381922705815387,0.06651316440771692,0.025207838,0.09827841,0.00026893307,0.07126198,0.022136893
730000,0.631042,5.0,2.2316536916806906,109.20779220779221,1.4805937,0.12700576,2.2381922705815387,0.06651316440771692,0.025207838,0.09827841,0.00026893307,0.07126198,0.022136893
730000,0.631042,5.0,2.2316536916806906,109.20779220779221,1.4805937,0.12700576,2.2381922705815387,0.06651316440771692,0.025207838,0.09827841,0.00026893307,0.07126198,0.022136893
740000,0.5900782,5.0,2.2390338320730496,153.231884057971,1.4352876,0.12801011,2.2337695599040566,0.10249860474141315,0.0149177555,0.09891754,0.00026853164,0.070408046,0.048793033
740000,0.5900782,5.0,2.2390338320730496,153.231884057971,1.4352876,0.12801011,2.2337695599040566,0.10249860474141315,0.0149177555,0.09891754,0.00026853164,0.070408046,0.048793033
740000,0.5900782,5.0,2.2390338320730496,153.231884057971,1.4352876,0.12801011,2.2337695599040566,0.10249860474141315,0.0149177555,0.09891754,0.00026853164,0.070408046,0.048793033
740000,0.5900782,5.0,2.2390338320730496,153.231884057971,1.4352876,0.12801011,2.2337695599040566,0.10249860474141315,0.0149177555,0.09891754,0.00026853164,0.070408046,0.048793033
750000,0.5732714,5.0,2.0198851852729502,121.16666666666667,1.5004936,0.15310806,2.0262270668050744,0.06540342436714487,0.019279653,0.1017408,0.00026808586,0.051436372,0.017719317
750000,0.5732714,5.0,2.0198851852729502,121.16666666666667,1.5004936,0.15310806,2.0262270668050744,0.06540342436714487,0.019279653,0.1017408,0.00026808586,0.051436372,0.017719317
750000,0.5732714,5.0,2.0198851852729502,121.16666666666667,1.5004936,0.15310806,2.0262270668050744,0.06540342436714487,0.019279653,0.1017408,0.00026808586,0.051436372,0.017719317
750000,0.5732714,5.0,2.0198851852729502,121.16666666666667,1.5004936,0.15310806,2.0262270668050744,0.06540342436714487,0.019279653,0.1017408,0.00026808586,0.051436372,0.017719317
760000,0.59379953,5.0,2.2629956842442467,113.0,1.4928017,0.15312569,2.262995647726121,0.06981849953435458,0.017454235,0.10073525,0.00026763923,0.07585072,0.032016378
760000,0.59379953,5.0,2.2629956842442467,113.0,1.4928017,0.15312569,2.262995647726121,0.06981849953435458,0.017454235,0.10073525,0.00026763923,0.07585072,0.032016378
760000,0.59379953,5.0,2.2629956842442467,113.0,1.4928017,0.15312569,2.262995647726121,0.06981849953435458,0.017454235,0.10073525,0.00026763923,0.07585072,0.032016378
760000,0.59379953,5.0,2.2629956842442467,113.0,1.4928017,0.15312569,2.262995647726121,0.06981849953435458,0.017454235,0.10073525,0.00026763923,0.07585072,0.032016378
770000,0.5781189,5.0,2.3572891817024226,120.25301204819277,1.5230482,0.14552782,2.355365850758262,0.06938108542107796,0.01723708,0.10013753,0.0002671956,0.05826186,0.02978615
770000,0.5781189,5.0,2.3572891817024226,120.25301204819277,1.5230482,0.14552782,2.355365850758262,0.06938108542107796,0.01723708,0.10013753,0.0002671956,0.05826186,0.02978615
770000,0.5781189,5.0,2.3572891817024226,120.25301204819277,1.5230482,0.14552782,2.355365850758262,0.06938108542107796,0.01723708,0.10013753,0.0002671956,0.05826186,0.02978615
770000,0.5781189,5.0,2.3572891817024226,120.25301204819277,1.5230482,0.14552782,2.355365850758262,0.06938108542107796,0.01723708,0.10013753,0.0002671956,0.05826186,0.02978615
780000,0.6479164,5.0,1.9829188244333729,128.0897435897436,1.2725694,0.13509181,1.9822777622403243,0.08303543092915788,0.014339149,0.101446345,0.00026679493,0.06558788,0.0511956
780000,0.6479164,5.0,1.9829188244333729,128.0897435897436,1.2725694,0.13509181,1.9822777622403243,0.08303543092915788,0.014339149,0.101446345,0.00026679493,0.06558788,0.0511956
780000,0.6479164,5.0,1.9829188244333729,128.0897435897436,1.2725694,0.13509181,1.9822777622403243,0.08303543092915788,0.014339149,0.101446345,0.00026679493,0.06558788,0.0511956
780000,0.6479164,5.0,1.9829188244333729,128.0897435897436,1.2725694,0.13509181,1.9822777622403243,0.08303543092915788,0.014339149,0.101446345,0.00026679493,0.06558788,0.0511956
790000,0.6030126,5.0,2.343647073114784,125.8,1.552009,0.15415978,2.346220910029356,0.06755229498281382,0.011057463,0.09457843,0.00026638503,0.05311684,0.028491799
790000,0.6030126,5.0,2.343647073114784,125.8,1.552009,0.15415978,2.346220910029356,0.06755229498281382,0.011057463,0.09457843,0.00026638503,0.05311684,0.028491799
790000,0.6030126,5.0,2.343647073114784,125.8,1.552009,0.15415978,2.346220910029356,0.06755229498281382,0.011057463,0.09457843,0.00026638503,0.05311684,0.028491799
790000,0.6030126,5.0,2.343647073114784,125.8,1.552009,0.15415978,2.346220910029356,0.06755229498281382,0.011057463,0.09457843,0.00026638503,0.05311684,0.028491799
800000,0.5941551,5.0,2.15708333713701,112.38636363636364,1.5554954,0.15589008,2.1494214298396277,0.054463559872706305,0.018694032,0.103700854,0.00026593846,0.05389431,0.023695545
800000,0.5941551,5.0,2.15708333713701,112.38636363636364,1.5554954,0.15589008,2.1494214298396277,0.054463559872706305,0.018694032,0.103700854,0.00026593846,0.05389431,0.023695545
800000,0.5941551,5.0,2.15708333713701,112.38636363636364,1.5554954,0.15589008,2.1494214298396277,0.054463559872706305,0.018694032,0.103700854,0.00026593846,0.05389431,0.023695545
800000,0.5941551,5.0,2.15708333713701,112.38636363636364,1.5554954,0.15589008,2.1494214298396277,0.054463559872706305,0.018694032,0.103700854,0.00026593846,0.05389431,0.023695545
810000,0.6254455,6.0,2.417531852605177,106.0561797752809,1.6136087,0.14970908,2.436749069543367,0.048726662912986794,0.017917965,0.10404207,0.0002654919,0.054335646,0.015489629
810000,0.6254455,6.0,2.417531852605177,106.0561797752809,1.6136087,0.14970908,2.436749069543367,0.048726662912986794,0.017917965,0.10404207,0.0002654919,0.054335646,0.015489629
810000,0.6254455,6.0,2.417531852605177,106.0561797752809,1.6136087,0.14970908,2.436749069543367,0.048726662912986794,0.017917965,0.10404207,0.0002654919,0.054335646,0.015489629
810000,0.6254455,6.0,2.417531852605177,106.0561797752809,1.6136087,0.14970908,2.436749069543367,0.048726662912986794,0.017917965,0.10404207,0.0002654919,0.054335646,0.015489629
820000,0.69598967,6.0,1.9383476541843265,127.35714285714286,1.3588816,0.15480031,1.9344810166529247,0.07793132274278573,0.01934174,0.1035488,0.00026504538,0.06860721,0.029818604
820000,0.69598967,6.0,1.9383476541843265,127.35714285714286,1.3588816,0.15480031,1.9344810166529247,0.07793132274278573,0.01934174,0.1035488,0.00026504538,0.06860721,0.029818604
820000,0.69598967,6.0,1.9383476541843265,127.35714285714286,1.3588816,0.15480031,1.9344810166529247,0.07793132274278573,0.01934174,0.1035488,0.00026504538,0.06860721,0.029818604
820000,0.69598967,6.0,1.9383476541843265,127.35714285714286,1.3588816,0.15480031,1.9344810166529247,0.07793132274278573,0.01934174,0.1035488,0.00026504538,0.06860721,0.029818604
830000,0.72302884,6.0,2.0612700861536815,136.36708860759492,1.468655,0.15081081,2.02463303147992,0.07814724993585503,0.022960618,0.09722509,0.00026463927,0.06114144,0.026889086
830000,0.72302884,6.0,2.0612700861536815,136.36708860759492,1.468655,0.15081081,2.02463303147992,0.07814724993585503,0.022960618,0.09722509,0.00026463927,0.06114144,0.026889086
830000,0.72302884,6.0,2.0612700861536815,136.36708860759492,1.468655,0.15081081,2.02463303147992,0.07814724993585503,0.022960618,0.09722509,0.00026463927,0.06114144,0.026889086
830000,0.72302884,6.0,2.0612700861536815,136.36708860759492,1.468655,0.15081081,2.02463303147992,0.07814724993585503,0.022960618,0.09722509,0.00026463927,0.06114144,0.026889086
840000,0.673825,6.0,2.729504093715194,115.51219512195122,1.84056,0.15584433,2.73163424105179,0.04642614875863329,0.01894983,0.103181146,0.00026423874,0.045762967,0.012827836
840000,0.673825,6.0,2.729504093715194,115.51219512195122,1.84056,0.15584433,2.73163424105179,0.04642614875863329,0.01894983,0.103181146,0.00026423874,0.045762967,0.012827836
840000,0.673825,6.0,2.729504093715194,115.51219512195122,1.84056,0.15584433,2.73163424105179,0.04642614875863329,0.01894983,0.103181146,0.00026423874,0.045762967,0.012827836
840000,0.673825,6.0,2.729504093715194,115.51219512195122,1.84056,0.15584433,2.73163424105179,0.04642614875863329,0.01894983,0.103181146,0.00026423874,0.045762967,0.012827836
850000,0.6631197,6.0,2.8891302929902127,119.89655172413794,2.2161965,0.17225084,2.88694645413037,0.04491667810897075,0.012595519,0.1040165,0.00026379217,0.04207717,0.014967328
850000,0.6631197,6.0,2.8891302929902127,119.89655172413794,2.2161965,0.17225084,2.88694645413037,0.04491667810897075,0.012595519,0.1040165,0.00026379217,0.04207717,0.014967328
850000,0.6631197,6.0,2.8891302929902127,119.89655172413794,2.2161965,0.17225084,2.88694645413037,0.04491667810897075,0.012595519,0.1040165,0.00026379217,0.04207717,0.014967328
850000,0.6631197,6.0,2.8891302929902127,119.89655172413794,2.2161965,0.17225084,2.88694645413037,0.04491667810897075,0.012595519,0.1040165,0.00026379217,0.04207717,0.014967328
860000,0.70890737,7.0,-0.2013270035298225,174.0754716981132,1.3914653,0.13980001,-0.07805642035772216,0.07803131166388685,0.042379905,0.10724081,0.00026335797,0.049039368,0.017587714
860000,0.70890737,7.0,-0.2013270035298225,174.0754716981132,1.3914653,0.13980001,-0.07805642035772216,0.07803131166388685,0.042379905,0.10724081,0.00026335797,0.049039368,0.017587714
860000,0.70890737,7.0,-0.2013270035298225,174.0754716981132,1.3914653,0.13980001,-0.07805642035772216,0.07803131166388685,0.042379905,0.10724081,0.00026335797,0.049039368,0.017587714
860000,0.70890737,7.0,-0.2013270035298225,174.0754716981132,1.3914653,0.13980001,-0.07805642035772216,0.07803131166388685,0.042379905,0.10724081,0.00026335797,0.049039368,0.017587714
870000,0.84710085,7.0,-1.8172599478205667,181.78,0.3761208,0.09873953,-1.8255422687998004,0.10152097685518217,0.019458417,0.105090156,0.00026292802,0.06349669,0.032677945
870000,0.84710085,7.0,-1.8172599478205667,181.78,0.3761208,0.09873953,-1.8255422687998004,0.10152097685518217,0.019458417,0.105090156,0.00026292802,0.06349669,0.032677945
870000,0.84710085,7.0,-1.8172599478205667,181.78,0.3761208,0.09873953,-1.8255422687998004,0.10152097685518217,0.019458417,0.105090156,0.00026292802,0.06349669,0.032677945
870000,0.84710085,7.0,-1.8172599478205667,181.78,0.3761208,0.09873953,-1.8255422687998004,0.10152097685518217,0.019458417,0.105090156,0.00026292802,0.06349669,0.032677945
880000,0.82530916,7.0,-1.314624947649593,176.98214285714286,-0.11070357,0.08781737,-1.3039089235392485,0.09445858724753965,0.011303986,0.105960205,0.0002624826,0.055328917,0.031116506
880000,0.82530916,7.0,-1.314624947649593,176.98214285714286,-0.11070357,0.08781737,-1.3039089235392485,0.09445858724753965,0.011303986,0.105960205,0.0002624826,0.055328917,0.031116506
880000,0.82530916,7.0,-1.314624947649593,176.98214285714286,-0.11070357,0.08781737,-1.3039089235392485,0.09445858724753965,0.011303986,0.105960205,0.0002624826,0.055328917,0.031116506
880000,0.82530916,7.0,-1.314624947649593,176.98214285714286,-0.11070357,0.08781737,-1.3039089235392485,0.09445858724753965,0.011303986,0.105960205,0.0002624826,0.055328917,0.031116506
890000,0.8616109,7.0,-1.2977499431387212,206.5625,-0.25087413,0.08862416,-1.310122371936331,0.15022659347373613,0.010745456,0.1064386,0.00026207915,0.079119466,0.04326088
890000,0.8616109,7.0,-1.2977499431387212,206.5625,-0.25087413,0.08862416,-1.310122371936331,0.15022659347373613,0.010745456,0.1064386,0.00026207915,0.079119466,0.04326088
890000,0.8616109,7.0,-1.2977499431387212,206.5625,-0.25087413,0.08862416,-1.310122371936331,0.15022659347373613,0.010745456,0.1064386,0.00026207915,0.079119466,0.04326088
890000,0.8616109,7.0,-1.2977499431387212,206.5625,-0.25087413,0.08862416,-1.310122371936331,0.15022659347373613,0.010745456,0.1064386,0.00026207915,0.079119466,0.04326088
900000,0.8273058,7.0,-0.9745602229798331,211.48936170212767,-0.2425896,0.09722655,-0.9740071996398594,0.14784763139956023,0.0073241936,0.10462795,0.00026167062,0.073615335,0.04173027
900000,0.8273058,7.0,-0.9745602229798331,211.48936170212767,-0.2425896,0.09722655,-0.9740071996398594,0.14784763139956023,0.0073241936,0.10462795,0.00026167062,0.073615335,0.04173027
900000,0.8273058,7.0,-0.9745602229798331,211.48936170212767,-0.2425896,0.09722655,-0.9740071996398594,0.14784763139956023,0.0073241936,0.10462795,0.00026167062,0.073615335,0.04173027
900000,0.8273058,7.0,-0.9745602229798331,211.48936170212767,-0.2425896,0.09722655,-0.9740071996398594,0.14784763139956023,0.0073241936,0.10462795,0.00026167062,0.073615335,0.04173027
910000,0.80233514,7.0,-0.39820600948296486,176.2,-0.13465388,0.10497698,-0.40895238305841175,0.13133426243439317,0.0072930455,0.10211234,0.00026122274,0.07952742,0.062583484
910000,0.80233514,7.0,-0.39820600948296486,176.2,-0.13465388,0.10497698,-0.40895238305841175,0.13133426243439317,0.0072930455,0.10211234,0.00026122274,0.07952742,0.062583484
910000,0.80233514,7.0,-0.39820600948296486,176.2,-0.13465388,0.10497698,-0.40895238305841175,0.13133426243439317,0.0072930455,0.10211234,0.00026122274,0.07952742,0.062583484
910000,0.80233514,7.0,-0.39820600948296486,176.2,-0.13465388,0.10497698,-0.40895238305841175,0.13133426243439317,0.0072930455,0.10211234,0.00026122274,0.07952742,0.062583484
920000,0.7699515,7.0,-0.20369691903011478,160.42424242424244,0.10680922,0.11643444,-0.2171128593958341,0.11666634311326421,0.007276616,0.10434146,0.0002607796,0.070663266,0.0475358
920000,0.7699515,7.0,-0.20369691903011478,160.42424242424244,0.10680922,0.11643444,-0.2171128593958341,0.11666634311326421,0.007276616,0.10434146,0.0002607796,0.070663266,0.0475358
920000,0.7699515,7.0,-0.20369691903011478,160.42424242424244,0.10680922,0.11643444,-0.2171128593958341,0.11666634311326421,0.007276616,0.10434146,0.0002607796,0.070663266,0.0475358
920000,0.7699515,7.0,-0.20369691903011478,160.42424242424244,0.10680922,0.11643444,-0.2171128593958341,0.11666634311326421,0.007276616,0.10434146,0.0002607796,0.070663266,0.0475358
930000,0.7453217,7.0,0.024764150470638506,153.03076923076924,0.22304247,0.10386803,0.03451512799118504,0.09408893232995813,0.0055060065,0.104785874,0.00026032986,0.0702016,0.039643526
930000,0.7453217,7.0,0.024764150470638506,153.03076923076924,0.22304247,0.10386803,0.03451512799118504,0.09408893232995813,0.0055060065,0.104785874,0.00026032986,0.0702016,0.039643526
930000,0.7453217,7.0,0.024764150470638506,153.03076923076924,0.22304247,0.10386803,0.03451512799118504,0.09408893232995813,0.0055060065,0.104785874,0.00026032986,0.0702016,0.039643526
930000,0.7453217,7.0,0.024764150470638506,153.03076923076924,0.22304247,0.10386803,0.03451512799118504,0.09408893232995813,0.0055060065,0.104785874,0.00026032986,0.0702016,0.039643526
940000,0.705658,7.0,0.27736756444060934,129.17948717948718,0.32880592,0.10821325,0.27796966301930415,0.06797313300118625,0.003940229,0.10589966,0.00025992742,0.05209215,0.026633576
940000,0.705658,7.0,0.27736756444060934,129.17948717948718,0.32880592,0.10821325,0.27796966301930415,0.06797313300118625,0.003940229,0.10589966,0.00025992742,0.05209215,0.026633576
940000,0.705658,7.0,0.27736756444060934,129.17948717948718,0.32880592,0.10821325,0.27796966301930415,0.06797313300118625,0.003940229,0.10589966,0.00025992742,0.05209215,0.026633576
940000,0.705658,7.0,0.27736756444060934,129.17948717948718,0.32880592,0.10821325,0.27796966301930415,0.06797313300118625,0.003940229,0.10589966,0.00025992742,0.05209215,0.026633576
950000,0.6431103,7.0,0.3823178722360713,119.8953488372093,0.43552706,0.095028736,0.38057852784792584,0.05812093877533301,0.003926025,0.10116427,0.00025952415,0.054162987,0.018420456
950000,0.6431103,7.0,0.3823178722360713,119.8953488372093,0.43552706,0.095028736,0.38057852784792584,0.05812093877533301,0.003926025,0.10116427,0.00025952415,0.054162987,0.018420456
950000,0.6431103,7.0,0.3823178722360713,119.8953488372093,0.43552706,0.095028736,0.38057852784792584,0.05812093877533301,0.003926025,0.10116427,0.00025952415,0.054162987,0.018420456
950000,0.6431103,7.0,0.3823178722360713,119.8953488372093,0.43552706,0.095028736,0.38057852784792584,0.05812093877533301,0.003926025,0.10116427,0.00025952415,0.054162987,0.018420456
960000,0.6275008,7.0,0.4884756906219664,111.64044943820225,0.4800623,0.104327604,0.48740148544311523,0.053059242348271335,0.0026147764,0.10309847,0.0002590737,0.05089596,0.019072123
960000,0.6275008,7.0,0.4884756906219664,111.64044943820225,0.4800623,0.104327604,0.48740148544311523,0.053059242348271335,0.0026147764,0.10309847,0.0002590737,0.05089596,0.019072123
960000,0.6275008,7.0,0.4884756906219664,111.64044943820225,0.4800623,0.104327604,0.48740148544311523,0.053059242348271335,0.0026147764,0.10309847,0.0002590737,0.05089596,0.019072123
960000,0.6275008,7.0,0.4884756906219664,111.64044943820225,0.4800623,0.104327604,0.48740148544311523,0.053059242348271335,0.0026147764,0.10309847,0.0002590737,0.05089596,0.019072123
970000,0.59151644,7.0,0.4963542065621975,105.84375,0.46689484,0.111304484,0.4967569230745236,0.03764634245696167,0.0026152667,0.10183786,0.00025862237,0.034699067,0.011730647
970000,0.59151644,7.0,0.4963542065621975,105.84375,0.46689484,0.111304484,0.4967569230745236,0.03764634245696167,0.0026152667,0.10183786,0.00025862237,0.034699067,0.011730647
970000,0.59151644,7.0,0.4963542065621975,105.84375,0.46689484,0.111304484,0.4967569230745236,0.03764634245696167,0.0026152667,0.10183786,0.00025862237,0.034699067,0.011730647
970000,0.59151644,7.0,0.4963542065621975,105.84375,0.46689484,0.111304484,0.4967569230745236,0.03764634245696167,0.0026152667,0.10183786,0.00025862237,0.034699067,0.011730647
980000,0.5982745,7.0,0.4892572820966091,109.05434782608695,0.46086088,0.101670116,0.4930832923754402,0.04054031222198239,0.0019275688,0.107552715,0.0002582238,0.039346855,0.021893531
980000,0.5982745,7.0,0.4892572820966091,109.05434782608695,0.46086088,0.101670116,0.4930832923754402,0.04054031222198239,0.0019275688,0.107552715,0.0002582238,0.039346855,0.021893531
980000,0.5982745,7.0,0.4892572820966091,109.05434782608695,0.46086088,0.101670116,0.4930832923754402,0.04054031222198239,0.0019275688,0.107552715,0.0002582238,0.039346855,0.021893531
980000,0.5982745,7.0,0.4892572820966091,109.05434782608695,0.46086088,0.101670116,0.4930832923754402,0.04054031222198239,0.0019275688,0.107552715,0.0002582238,0.039346855,0.021893531
990000,0.5573297,7.0,0.5570111476867977,104.21111111111111,0.49143982,0.10643093,0.5530036340703021,0.040745027987593475,0.0020788363,0.099125095,0.00025782027,0.043192435,0.013525613
990000,0.5573297,7.0,0.5570111476867977,104.21111111111111,0.49143982,0.10643093,0.5530036340703021,0.040745027987593475,0.0020788363,0.099125095,0.00025782027,0.043192435,0.013525613
990000,0.5573297,7.0,0.5570111476867977,104.21111111111111,0.49143982,0.10643093,0.5530036340703021,0.040745027987593475,0.0020788363,0.099125095,0.00025782027,0.043192435,0.013525613
990000,0.5573297,7.0,0.5570111476867977,104.21111111111111,0.49143982,0.10643093,0.5530036340703021,0.040745027987593475,0.0020788363,0.099125095,0.00025782027,0.043192435,0.013525613
1000000,0.7008493,8.0,-0.5813635921804234,141.29545454545453,0.028602693,0.0959043,-0.5813636143099178,0.08140081146054647,0.015860338,0.10053877,0.00025737396,0.06157542,0.020332215
1000000,0.7008493,8.0,-0.5813635921804234,141.29545454545453,0.028602693,0.0959043,-0.5813636143099178,0.08140081146054647,0.015860338,0.10053877,0.00025737396,0.06157542,0.020332215
1000000,0.7008493,8.0,-0.5813635921804234,141.29545454545453,0.028602693,0.0959043,-0.5813636143099178,0.08140081146054647,0.015860338,0.10053877,0.00025737396,0.06157542,0.020332215
1000000,0.7008493,8.0,-0.5813635921804234,141.29545454545453,0.028602693,0.0959043,-0.5813636143099178,0.08140081146054647,0.015860338,0.10053877,0.00025737396,0.06157542,0.020332215
1010000,0.7517482,8.0,0.02588640416665426,254.38636363636363,0.12702441,0.09164712,0.013736426137214484,0.13424140862514114,0.01544641,0.098951474,0.00025691808,0.060560446,0.021619292
1010000,0.7517482,8.0,0.02588640416665426,254.38636363636363,0.12702441,0.09164712,0.013736426137214484,0.13424140862514114,0.01544641,0.098951474,0.00025691808,0.060560446,0.021619292
1010000,0.7517482,8.0,0.02588640416665426,254.38636363636363,0.12702441,0.09164712,0.013736426137214484,0.13424140862514114,0.01544641,0.098951474,0.00025691808,0.060560446,0.021619292
1010000,0.7517482,8.0,0.02588640416665426,254.38636363636363,0.12702441,0.09164712,0.013736426137214484,0.13424140862514114,0.01544641,0.098951474,0.00025691808,0.060560446,0.021619292
1020000,0.8174036,8.0,1.3050625232390303,168.234375,0.50156045,0.08274567,1.2934204945197472,0.08419070316908452,0.044557504,0.095941834,0.00025647142,0.06615651,0.026706714
1020000,0.8174036,8.0,1.3050625232390303,168.234375,0.50156045,0.08274567,1.2934204945197472,0.08419070316908452,0.044557504,0.095941834,0.00025647142,0.06615651,0.026706714
1020000,0.8174036,8.0,1.3050625232390303,168.234375,0.50156045,0.08274567,1.2934204945197472,0.08419070316908452,0.044557504,0.095941834,0.00025647142,0.06615651,0.026706714
1020000,0.8174036,8.0,1.3050625232390303,168.234375,0.50156045,0.08274567,1.2934204945197472,0.08419070316908452,0.044557504,0.095941834,0.00025647142,0.06615651,0.026706714
1030000,0.85896313,8.0,1.798688929429045,156.91666666666666,0.8703802,0.08764192,1.7986888783673445,0.10909338936908171,0.02288093,0.0974284,0.0002560651,0.077356294,0.043814138
1030000,0.85896313,8.0,1.798688929429045,156.91666666666666,0.8703802,0.08764192,1.7986888783673445,0.10909338936908171,0.02288093,0.0974284,0.0002560651,0.077356294,0.043814138
1030000,0.85896313,8.0,1.798688929429045,156.91666666666666,0.8703802,0.08764192,1.7986888783673445,0.10909338936908171,0.02288093,0.0974284,0.0002560651,0.077356294,0.043814138
1030000,0.85896313,8.0,1.798688929429045,156.91666666666666,0.8703802,0.08764192,1.7986888783673445,0.10909338936908171,0.02288093,0.0974284,0.0002560651,0.077356294,0.043814138
1040000,0.7156093,9.0,0.2993559160224281,76.33834586466165,0.9228725,0.08223959,0.3094267813545285,0.04603026934130343,0.024573904,0.10462914,0.0002556649,0.054424107,0.032722175
1040000,0.7156093,9.0,0.2993559160224281,76.33834586466165,0.9228725,0.08223959,0.3094267813545285,0.04603026934130343,0.024573904,0.10462914,0.0002556649,0.054424107,0.032722175
1040000,0.7156093,9.0,0.2993559160224281,76.33834586466165,0.9228725,0.08223959,0.3094267813545285,0.04603026934130343,0.024573904,0.10462914,0.0002556649,0.054424107,0.032722175
1040000,0.7156093,9.0,0.2993559160224281,76.33834586466165,0.9228725,0.08223959,0.3094267813545285,0.04603026934130343,0.024573904,0.10462914,0.0002556649,0.054424107,0.032722175
1050000,0.5271839,9.0,0.15257649205844193,58.04705882352941,0.4828318,0.08585177,0.14153529861394096,0.019687234677429145,0.08711678,0.09934501,0.00025522546,0.04414261,0.023914764
1050000,0.5271839,9.0,0.15257649205844193,58.04705882352941,0.4828318,0.08585177,0.14153529861394096,0.019687234677429145,0.08711678,0.09934501,0.00025522546,0.04414261,0.023914764
1050000,0.5271839,9.0,0.15257649205844193,58.04705882352941,0.4828318,0.08585177,0.14153529861394096,0.019687234677429145,0.08711678,0.09934501,0.00025522546,0.04414261,0.023914764
1050000,0.5271839,9.0,0.15257649205844193,58.04705882352941,0.4828318,0.08585177,0.14153529861394096,0.019687234677429145,0.08711678,0.09934501,0.00025522546,0.04414261,0.023914764
1060000,0.49486816,9.0,0.809412714973506,78.33333333333333,0.616763,0.11702146,0.8093809400285993,0.013591190833332283,0.0017117955,0.1008322,0.00025478634,0.020702368,0.00570529
1060000,0.49486816,9.0,0.809412714973506,78.33333333333333,0.616763,0.11702146,0.8093809400285993,0.013591190833332283,0.0017117955,0.1008322,0.00025478634,0.020702368,0.00570529
1060000,0.49486816,9.0,0.809412714973506,78.33333333333333,0.616763,0.11702146,0.8093809400285993,0.013591190833332283,0.0017117955,0.1008322,0.00025478634,0.020702368,0.00570529
1060000,0.49486816,9.0,0.809412714973506,78.33333333333333,0.616763,0.11702146,0.8093809400285993,0.013591190833332283,0.0017117955,0.1008322,0.00025478634,0.020702368,0.00570529
1070000,0.46164197,9.0,0.8296227605053217,76.27131782945736,0.63930404,0.15471517,0.8444211852642917,0.015816560358011215,0.00068972167,0.09625092,0.00025434684,0.028145071,0.012928201
1070000,0.46164197,9.0,0.8296227605053217,76.27131782945736,0.63930404,0.15471517,0.8444211852642917,0.015816560358011215,0.00068972167,0.09625092,0.00025434684,0.028145071,0.012928201
1070000,0.46164197,9.0,0.8296227605053217,76.27131782945736,0.63930404,0.15471517,0.8444211852642917,0.015816560358011215,0.00068972167,0.09625092,0.00025434684,0.028145071,0.012928201
1070000,0.46164197,9.0,0.8296227605053217,76.27131782945736,0.63930404,0.15471517,0.8444211852642917,0.015816560358011215,0.00068972167,0.09625092,0.00025434684,0.028145071,0.012928201
1080000,0.44384664,9.0,0.8514000214498352,73.15555555555555,0.6439033,0.17561191,0.837254321133649,0.007938432997023617,0.0008938961,0.09637074,0.00025390377,0.010830345,0.004964032
1080000,0.44384664,9.0,0.8514000214498352,73.15555555555555,0.6439033,0.17561191,0.837254321133649,0.007938432997023617,0.0008938961,0.09637074,0.00025390377,0.010830345,0.004964032
1080000,0.44384664,9.0,0.8514000214498352,73.15555555555555,0.6439033,0.17561191,0.837254321133649,0.007938432997023617,0.0008938961,0.09637074,0.00025390377,0.010830345,0.004964032
1080000,0.44384664,9.0,0.8514000214498352,73.15555555555555,0.6439033,0.17561191,0.837254321133649,0.007938432997023617,0.0008938961,0.09637074,0.00025390377,0.010830345,0.004964032
1090000,0.4264698,9.0,0.8521813922253547,72.75735294117646,0.6516947,0.18661359,0.8521715683095595,0.006516351210473872,9.708155e-05,0.10206291,0.0002535038,0.010599023,0.003518633
1090000,0.4264698,9.0,0.8521813922253547,72.75735294117646,0.6516947,0.18661359,0.8521715683095595,0.006516351210473872,9.708155e-05,0.10206291,0.0002535038,0.010599023,0.003518633
1090000,0.4264698,9.0,0.8521813922253547,72.75735294117646,0.6516947,0.18661359,0.8521715683095595,0.006516351210473872,9.708155e-05,0.10206291,0.0002535038,0.010599023,0.003518633
1090000,0.4264698,9.0,0.8521813922253547,72.75735294117646,0.6516947,0.18661359,0.8521715683095595,0.006516351210473872,9.708155e-05,0.10206291,0.0002535038,0.010599023,0.003518633
1100000,0.40529358,9.0,0.8537786056008869,71.97080291970804,0.6509701,0.19500276,0.8537591217208083,0.005859512743968381,7.6331424e-05,0.0997776,0.000253108,0.008546406,0.003163936
1100000,0.40529358,9.0,0.8537786056008869,71.97080291970804,0.6509701,0.19500276,0.8537591217208083,0.005859512743968381,7.6331424e-05,0.0997776,0.000253108,0.008546406,0.003163936
1100000,0.40529358,9.0,0.8537786056008869,71.97080291970804,0.6509701,0.19500276,0.8537591217208083,0.005859512743968381,7.6331424e-05,0.0997776,0.000253108,0.008546406,0.003163936
1100000,0.40529358,9.0,0.8537786056008869,71.97080291970804,0.6509701,0.19500276,0.8537591217208083,0.005859512743968381,7.6331424e-05,0.0997776,0.000253108,0.008546406,0.003163936
1110000,0.39131954,9.0,0.8552512281702535,71.19565217391305,0.66184026,0.19233581,0.8552463698214379,0.00528527046992457,0.00011758718,0.10426416,0.00025266956,0.007908616,0.0032290258
1110000,0.39131954,9.0,0.8552512281702535,71.19565217391305,0.66184026,0.19233581,0.8552463698214379,0.00528527046992457,0.00011758718,0.10426416,0.00025266956,0.007908616,0.0032290258
1110000,0.39131954,9.0,0.8552512281702535,71.19565217391305,0.66184026,0.19233581,0.8552463698214379,0.00528527046992457,0.00011758718,0.10426416,0.00025266956,0.007908616,0.0032290258
1110000,0.39131954,9.0,0.8552512281702535,71.19565217391305,0.66184026,0.19233581,0.8552463698214379,0.00528527046992457,0.00011758718,0.10426416,0.00025266956,0.007908616,0.0032290258
1120000,0.3813888,9.0,0.8416643115059872,70.80714285714286,0.6468322,0.1682088,0.8416738033294677,0.005824335160598691,7.505105e-05,0.10568525,0.00025222593,0.008975936,0.0021575403
1120000,0.3813888,9.0,0.8416643115059872,70.80714285714286,0.6468322,0.1682088,0.8416738033294677,0.005824335160598691,7.505105e-05,0.10568525,0.00025222593,0.008975936,0.0021575403
1120000,0.3813888,9.0,0.8416643115059872,70.80714285714286,0.6468322,0.1682088,0.8416738033294677,0.005824335160598691,7.505105e-05,0.10568525,0.00025222593,0.008975936,0.0021575403
1120000,0.3813888,9.0,0.8416643115059872,70.80714285714286,0.6468322,0.1682088,0.8416738033294677,0.005824335160598691,7.505105e-05,0.10568525,0.00025222593,0.008975936,0.0021575403
1130000,0.37038326,9.0,0.8560072168969154,70.81294964028777,0.6532326,0.16397583,0.8560167739717223,0.004280181876350221,0.0010070235,0.09422137,0.0002517818,0.009544877,0.0016481461
1130000,0.37038326,9.0,0.8560072168969154,70.81294964028777,0.6532326,0.16397583,0.8560167739717223,0.004280181876350221,0.0010070235,0.09422137,0.0002517818,0.009544877,0.0016481461
1130000,0.37038326,9.0,0.8560072168969154,70.81294964028777,0.6532326,0.16397583,0.8560167739717223,0.004280181876350221,0.0010070235,0.09422137,0.0002517818,0.009544877,0.0016481461
1130000,0.37038326,9.0,0.8560072168969154,70.81294964028777,0.6532326,0.16397583,0.8560167739717223,0.004280181876350221,0.0010070235,0.09422137,0.0002517818,0.009544877,0.0016481461
1140000,0.39022216,9.0,0.8555700666257653,71.10144927536231,0.66639066,0.16348583,0.8555603761603867,0.007508642105993045,7.060724e-05,0.099019945,0.0002513358,0.017236989,0.0041742264
1140000,0.39022216,9.0,0.8555700666257653,71.10144927536231,0.66639066,0.16348583,0.8555603761603867,0.007508642105993045,7.060724e-05,0.099019945,0.0002513358,0.017236989,0.0041742264
1140000,0.39022216,9.0,0.8555700666257653,71.10144927536231,0.66639066,0.16348583,0.8555603761603867,0.007508642105993045,7.060724e-05,0.099019945,0.0002513358,0.017236989,0.0041742264
1140000,0.39022216,9.0,0.8555700666257653,71.10144927536231,0.66639066,0.16348583,0.8555603761603867,0.007508642105993045,7.060724e-05,0.099019945,0.0002513358,0.017236989,0.0041742264
1150000,0.35513052,9.0,0.8558571637574849,70.87857142857143,0.6571421,0.11764546,0.8558618928704943,0.0038869854802864473,0.00013264036,0.100905605,0.00025093497,0.0059219813,0.000531963
1150000,0.35513052,9.0,0.8558571637574849,70.87857142857143,0.6571421,0.11764546,0.8558618928704943,0.0038869854802864473,0.00013264036,0.100905605,0.00025093497,0.0059219813,0.000531963
1150000,0.35513052,9.0,0.8558571637574849,70.87857142857143,0.6571421,0.11764546,0.8558618928704943,0.0038869854802864473,0.00013264036,0.100905605,0.00025093497,0.0059219813,0.000531963
1150000,0.35513052,9.0,0.8558571637574849,70.87857142857143,0.6571421,0.11764546,0.8558618928704943,0.0038869854802864473,0.00013264036,0.100905605,0.00025093497,0.0059219813,0.000531963
1160000,0.3768857,9.0,0.8417170490774748,70.73381294964028,0.659324,0.120197944,0.8416978279463678,0.005010197247318227,0.0007212576,0.0935524,0.00025053538,0.012620394,0.0022573385
1160000,0.3768857,9.0,0.8417170490774748,70.73381294964028,0.659324,0.120197944,0.8416978279463678,0.005010197247318227,0.0007212576,0.0935524,0.00025053538,0.012620394,0.0022573385
1160000,0.3768857,9.0,0.8417170490774748,70.73381294964028,0.659324,0.120197944,0.8416978279463678,0.005010197247318227,0.0007212576,0.0935524,0.00025053538,0.012620394,0.0022573385
1160000,0.3768857,9.0,0.8417170490774748,70.73381294964028,0.659324,0.120197944,0.8416978279463678,0.005010197247318227,0.0007212576,0.0935524,0.00025053538,0.012620394,0.0022573385
1170000,0.38102373,9.0,0.8558297634506665,70.88489208633094,0.66681314,0.12590179,0.8558345205492253,0.01611315859180185,0.00015535975,0.09794151,0.0002500916,0.028197473,0.0061460384
1170000,0.38102373,9.0,0.8558297634506665,70.88489208633094,0.66681314,0.12590179,0.8558345205492253,0.01611315859180185,0.00015535975,0.09794151,0.0002500916,0.028197473,0.0061460384
1170000,0.38102373,9.0,0.8558297634506665,70.88489208633094,0.66681314,0.12590179,0.8558345205492253,0.01611315859180185,0.00015535975,0.09794151,0.0002500916,0.028197473,0.0061460384
1170000,0.38102373,9.0,0.8558297634506665,70.88489208633094,0.66681314,0.12590179,0.8558345205492253,0.01611315859180185,0.00015535975,0.09794151,0.0002500916,0.028197473,0.0061460384
1180000,0.32956445,9.0,0.8562286007583939,70.67857142857143,0.6585124,0.13189632,0.8562523684331349,0.007397767994552851,7.02452e-05,0.096924454,0.00024964777,0.01172656,0.0040012775
1180000,0.32956445,9.0,0.8562286007583939,70.67857142857143,0.6585124,0.13189632,0.8562523684331349,0.007397767994552851,7.02452e-05,0.096924454,0.00024964777,0.01172656,0.0040012775
1180000,0.32956445,9.0,0.8562286007583939,70.67857142857143,0.6585124,0.13189632,0.8562523684331349,0.007397767994552851,7.02452e-05,0.096924454,0.00024964777,0.01172656,0.0040012775
1180000,0.32956445,9.0,0.8562286007583939,70.67857142857143,0.6585124,0.13189632,0.8562523684331349,0.007397767994552851,7.02452e-05,0.096924454,0.00024964777,0.01172656,0.0040012775
1190000,0.36243683,9.0,0.8556187324319705,71.00719424460432,0.6629948,0.11538957,0.8555899172378101,0.007638477395362348,0.00022347357,0.102894925,0.00024920233,0.012722117,0.0047242604
1190000,0.36243683,9.0,0.8556187324319705,71.00719424460432,0.6629948,0.11538957,0.8555899172378101,0.007638477395362348,0.00022347357,0.102894925,0.00024920233,0.012722117,0.0047242604
1190000,0.36243683,9.0,0.8556187324319705,71.00719424460432,0.6629948,0.11538957,0.8555899172378101,0.007638477395362348,0.00022347357,0.102894925,0.00024920233,0.012722117,0.0047242604
1190000,0.36243683,9.0,0.8556187324319705,71.00719424460432,0.6629948,0.11538957,0.8555899172378101,0.007638477395362348,0.00022347357,0.102894925,0.00024920233,0.012722117,0.0047242604
1200000,0.31943858,9.0,0.8542117141697039,71.57664233576642,0.6558922,0.124863304,0.8542116682459838,0.008829614328539992,0.00025050528,0.10256497,0.00024875783,0.012768732,0.003648371
1200000,0.31943858,9.0,0.8542117141697039,71.57664233576642,0.6558922,0.124863304,0.8542116682459838,0.008829614328539992,0.00025050528,0.10256497,0.00024875783,0.012768732,0.003648371
1200000,0.31943858,9.0,0.8542117141697039,71.57664233576642,0.6558922,0.124863304,0.8542116682459838,0.008829614328539992,0.00025050528,0.10256497,0.00024875783,0.012768732,0.003648371
1200000,0.31943858,9.0,0.8542117141697039,71.57664233576642,0.6558922,0.124863304,0.8542116682459838,0.008829614328539992,0.00025050528,0.10256497,0.00024875783,0.012768732,0.003648371
1210000,0.3399455,9.0,0.8567571750143543,70.33571428571429,0.65962446,0.14777724,0.8567571286644254,0.0028012217529716768,2.3816963e-05,0.094930254,0.0002483586,0.003875077,0.0002608358
1210000,0.3399455,9.0,0.8567571750143543,70.33571428571429,0.65962446,0.14777724,0.8567571286644254,0.0028012217529716768,2.3816963e-05,0.094930254,0.0002483586,0.003875077,0.0002608358
1210000,0.3399455,9.0,0.8567571750143543,70.33571428571429,0.65962446,0.14777724,0.8567571286644254,0.0028012217529716768,2.3816963e-05,0.094930254,0.0002483586,0.003875077,0.0002608358
1210000,0.3399455,9.0,0.8567571750143543,70.33571428571429,0.65962446,0.14777724,0.8567571286644254,0.0028012217529716768,2.3816963e-05,0.094930254,0.0002483586,0.003875077,0.0002608358
